제품,상세설명,구매LINK,catalog down,보호종류,제품군,통신여부,통신종류,내장 ZCT,과전류/저전류,결상,역상,누설(지락),단락,과전압/저전압,전력,,,,,,,,
3BZ2-WRABHZ,EOCR-3BZ2 WR A-A 24V BOTTOM,https://smartstore.naver.com/htengineering/products/11686580607,https://blog.naver.com/ht-eng/223827535805,전류,Digital,비통신,불가,O,모든조건,가능,가능,가능,불가,불가,불가,,,,,,,,
3BZ2-WRAUHZ,EOCR-3BZ2 WR A-A 100~240V,https://smartstore.naver.com/htengineering/products/11686588312,https://blog.naver.com/ht-eng/223827535805,전류,Digital,비통신,불가,O,모든조건,가능,가능,가능,불가,불가,불가,,,,,,,,
3BZ2-WRCBHZ,EOCR-3BZ2 1A1B 24V BOTTOM,https://smartstore.naver.com/htengineering/products/11686596230,https://blog.naver.com/ht-eng/223827535805,전류,Digital,비통신,불가,O,모든조건,가능,가능,가능,불가,불가,불가,,,,,,,,
3BZ2-WRCBTZ,EOCR-3BZ2 WR 1A1B 24 TERMINAL,X,https://blog.naver.com/ht-eng/223827535805,전류,Digital,비통신,불가,O,모든조건,가능,가능,가능,불가,불가,불가,,,,,,,,
3BZ2-WRCUHZ,EOCR-3BZ2 WR 1A1B 100~240V,https://smartstore.naver.com/htengineering/products/11686626628,https://blog.naver.com/ht-eng/223827535805,전류,Digital,비통신,불가,O,모든조건,가능,가능,가능,불가,불가,불가,,,,,,,,
3BZ2-WRCUTZ,EOCR-3BZ2 WR 1A1B 100~240V,X,https://blog.naver.com/ht-eng/223827535805,전류,Digital,비통신,불가,O,모든조건,가능,가능,가능,불가,불가,불가,,,,,,,,
3CT-H1-100-Z,3CT 100/5 CIRCLE-HOLE,https://smartstore.naver.com/htengineering/products/11697550787,https://blog.naver.com/ht-eng/223827543274,모든조건,Accessory,모든조건,모든조건,모든조건,모든조건,모든조건,모든조건,모든조건,모든조건,모든조건,모든조건,,,,,,,,
3CT-H2-200-Z,3CT 200/5 CIRCLE-HOLE,https://smartstore.naver.com/htengineering/products/11697550787,https://blog.naver.com/ht-eng/223827543274,모든조건,Accessory,모든조건,모든조건,모든조건,모든조건,모든조건,모든조건,모든조건,모든조건,모든조건,모든조건,,,,,,,,
3CT-H3-300-Z,3CT 300/5 CIRCLE-HOLE,https://smartstore.naver.com/htengineering/products/11697550787,https://blog.naver.com/ht-eng/223827543274,모든조건,Accessory,모든조건,모든조건,모든조건,모든조건,모든조건,모든조건,모든조건,모든조건,모든조건,모든조건,,,,,,,,
3CT-H4-400-Z,3CT 400/5 CIRCLE-HOLE,https://smartstore.naver.com/htengineering/products/11697550787,https://blog.naver.com/ht-eng/223827543274,모든조건,Accessory,모든조건,모든조건,모든조건,모든조건,모든조건,모든조건,모든조건,모든조건,모든조건,모든조건,,,,,,,,
3CT-HH-150-Z,3CT 150/5 CIRCLE-HOLE,https://smartstore.naver.com/htengineering/products/11697550787,https://blog.naver.com/ht-eng/223827543274,모든조건,Accessory,모든조건,모든조건,모든조건,모든조건,모든조건,모든조건,모든조건,모든조건,모든조건,모든조건,,,,,,,,
3DM2-WRDBHZ,EOCR-3DM2 WR 24V Bottom,https://smartstore.naver.com/htengineering/products/11686660415,https://blog.naver.com/ht-eng/223827535805,전류,Digital,비통신,불가,X,모든조건,가능,가능,불가,불가,불가,불가,,,,,,,,
3DM2-WRDBTZ,EOCR-3DM2 WR 24V Terminal,X,https://blog.naver.com/ht-eng/223827535805,전류,Digital,비통신,불가,X,모든조건,가능,가능,불가,불가,불가,불가,,,,,,,,
3DM2-WRDBWZ,EOCR-3DM2 WR 24V Window,https://smartstore.naver.com/htengineering/products/11686683627,https://blog.naver.com/ht-eng/223827535805,전류,Digital,비통신,불가,X,모든조건,가능,가능,불가,불가,불가,불가,,,,,,,,
3DM2-WRDUHZ,EOCR-3DM2 WR 100~240V Bottom,https://smartstore.naver.com/htengineering/products/11686679046,https://blog.naver.com/ht-eng/223827535805,전류,Digital,비통신,불가,X,모든조건,가능,가능,불가,불가,불가,불가,,,,,,,,
3DM2-WRDUTZ,EOCR-3DM2 WR 100~240V Terminal,X,https://blog.naver.com/ht-eng/223827535805,전류,Digital,비통신,불가,X,모든조건,가능,가능,불가,불가,불가,불가,,,,,,,,
3DM2-WRDUWZ,EOCR-3DM2 WR 100~240V Window,https://smartstore.naver.com/htengineering/products/11686686437,https://blog.naver.com/ht-eng/223827535805,전류,Digital,비통신,불가,X,모든조건,가능,가능,불가,불가,불가,불가,,,,,,,,
3MSZ-WRAUWHYZ,EOCR-3MSZ HYNIX(3MZ2),https://smartstore.naver.com/htengineering/products/11686992908,https://blog.naver.com/ht-eng/223827535805,전류,Digital,비통신,불가,X,모든조건,가능,가능,가능,가능,불가,불가,,,,,,,,
3MZ2-WRABHZ,EOCR-3MZ2 WR A-A 24V Bottom,https://smartstore.naver.com/htengineering/products/11687503360,https://blog.naver.com/ht-eng/223827535805,전류,Digital,비통신,불가,X,모든조건,가능,가능,가능,불가,불가,불가,,,,,,,,
3MZ2-WRABTZ,EOCR-3MZ2 WR A-A 24V Terminal,X,https://blog.naver.com/ht-eng/223827535805,전류,Digital,비통신,불가,X,모든조건,가능,가능,가능,불가,불가,불가,,,,,,,,
3MZ2-WRABWZ,EOCR-3MZ2 WR A-A 24V Window,https://smartstore.naver.com/htengineering/products/11687521498,https://blog.naver.com/ht-eng/223827535805,전류,Digital,비통신,불가,X,모든조건,가능,가능,가능,불가,불가,불가,,,,,,,,
3MZ2-WRAUHZ,EOCR-3MZ2 WR A-A 100~240V Bott,https://smartstore.naver.com/htengineering/products/11687517734,https://blog.naver.com/ht-eng/223827535805,전류,Digital,비통신,불가,X,모든조건,가능,가능,가능,불가,불가,불가,,,,,,,,
3MZ2-WRAUTZ,EOCR-3MZ2 WR A-A 100~240V Term,X,https://blog.naver.com/ht-eng/223827535805,전류,Digital,비통신,불가,X,모든조건,가능,가능,가능,불가,불가,불가,,,,,,,,
3MZ2-WRAUWZ,EOCR-3MZ2 WR A-A 100~240V Wind,https://smartstore.naver.com/htengineering/products/11687521498,https://blog.naver.com/ht-eng/223827535805,전류,Digital,비통신,불가,X,모든조건,가능,가능,가능,불가,불가,불가,,,,,,,,
3MZ2-WRCBHZ,EOCR-3MZ2 WR 1A1B 24V Bottom,https://smartstore.naver.com/htengineering/products/11687531036,https://blog.naver.com/ht-eng/223827535805,전류,Digital,비통신,불가,X,모든조건,가능,가능,가능,불가,불가,불가,,,,,,,,
3MZ2-WRCBTZ,EOCR-3MZ2 WR 1A1B 24V Terminal,X,https://blog.naver.com/ht-eng/223827535805,전류,Digital,비통신,불가,X,모든조건,가능,가능,가능,불가,불가,불가,,,,,,,,
3MZ2-WRCBWZ,EOCR-3MZ2 WR 1A1B 24V Window,https://smartstore.naver.com/htengineering/products/11687539056,https://blog.naver.com/ht-eng/223827535805,전류,Digital,비통신,불가,X,모든조건,가능,가능,가능,불가,불가,불가,,,,,,,,
3MZ2-WRCUHZ,EOCR-3MZ2 WR 1A1B 100~240V Bot,https://smartstore.naver.com/htengineering/products/11687546032,https://blog.naver.com/ht-eng/223827535805,전류,Digital,비통신,불가,X,모든조건,가능,가능,가능,불가,불가,불가,,,,,,,,
3MZ2-WRCUTZ,EOCR-3MZ2 WR 1A1B 100~240V Ter,X,https://blog.naver.com/ht-eng/223827535805,전류,Digital,비통신,불가,X,모든조건,가능,가능,가능,불가,불가,불가,,,,,,,,
3MZ2-WRCUWZ,EOCR-3MZ2 WR 1A1B 100~240V Win,https://smartstore.naver.com/htengineering/products/11687552662,https://blog.naver.com/ht-eng/223827535805,전류,Digital,비통신,불가,X,모든조건,가능,가능,가능,불가,불가,불가,,,,,,,,
3MZ2-WRDBHZ,EOCR-3MZ2 WR B-A 24V Bottom,https://smartstore.naver.com/htengineering/products/11687559002,https://blog.naver.com/ht-eng/223827535805,전류,Digital,비통신,불가,X,모든조건,가능,가능,가능,불가,불가,불가,,,,,,,,
3MZ2-WRDBTZ,EOCR-3MZ2 WR B-A 24V Terminal,X,https://blog.naver.com/ht-eng/223827535805,전류,Digital,비통신,불가,X,모든조건,가능,가능,가능,불가,불가,불가,,,,,,,,
3MZ2-WRDBWZ,EOCR-3MZ2 WR B-A 24V Window,X,https://blog.naver.com/ht-eng/223827535805,전류,Digital,비통신,불가,X,모든조건,가능,가능,가능,불가,불가,불가,,,,,,,,
3MZ2-WRDUHZ,EOCR-3MZ2 WR B-A 100~240V Bott,X,https://blog.naver.com/ht-eng/223827535805,전류,Digital,비통신,불가,X,모든조건,가능,가능,가능,불가,불가,불가,,,,,,,,
3MZ2-WRDUTZ,EOCR-3MZ2 WR B-A 100~240V Term,X,https://blog.naver.com/ht-eng/223827535805,전류,Digital,비통신,불가,X,모든조건,가능,가능,가능,불가,불가,불가,,,,,,,,
3MZ2-WRDUWZ,EOCR-3MZ2 WR B-A 100~240V Wind,X,https://blog.naver.com/ht-eng/223827535805,전류,Digital,비통신,불가,X,모든조건,가능,가능,가능,불가,불가,불가,,,,,,,,
CABLE-RJ45-001,CABLE-RJ45 1M,https://smartstore.naver.com/htengineering/products/11697533734,X,모든조건,Accessory,모든조건,모든조건,모든조건,모든조건,모든조건,모든조건,모든조건,모든조건,모든조건,모든조건,,,,,,,,
CABLE-RJ45-002,CABLE-RJ45 2M,https://smartstore.naver.com/htengineering/products/11697533734,X,모든조건,Accessory,모든조건,모든조건,모든조건,모든조건,모든조건,모든조건,모든조건,모든조건,모든조건,모든조건,,,,,,,,
CABLE-RJ45-003,CABLE-RJ45 3M,https://smartstore.naver.com/htengineering/products/11697533734,X,모든조건,Accessory,모든조건,모든조건,모든조건,모든조건,모든조건,모든조건,모든조건,모든조건,모든조건,모든조건,,,,,,,,
CABLE-RJ45-004,CABLE-RJ45 4M,https://smartstore.naver.com/htengineering/products/11697533734,X,모든조건,Accessory,모든조건,모든조건,모든조건,모든조건,모든조건,모든조건,모든조건,모든조건,모든조건,모든조건,,,,,,,,
CABLE-RJ45-005,CABLE-RJ45 5M,https://smartstore.naver.com/htengineering/products/11697533734,X,모든조건,Accessory,모든조건,모든조건,모든조건,모든조건,모든조건,모든조건,모든조건,모든조건,모든조건,모든조건,,,,,,,,
CABLE-RJ45-007,CABLE-RJ45 7M,https://smartstore.naver.com/htengineering/products/11697533734,X,모든조건,Accessory,모든조건,모든조건,모든조건,모든조건,모든조건,모든조건,모든조건,모든조건,모든조건,모든조건,,,,,,,,
CABLE-RJ45-00H,CABLE-RJ45 0.5M,https://smartstore.naver.com/htengineering/products/11697533734,X,모든조건,Accessory,모든조건,모든조건,모든조건,모든조건,모든조건,모든조건,모든조건,모든조건,모든조건,모든조건,,,,,,,,
CABLE-RJ45-01H,CABLE-RJ45 1.5M,https://smartstore.naver.com/htengineering/products/11697533734,X,모든조건,Accessory,모든조건,모든조건,모든조건,모든조건,모든조건,모든조건,모든조건,모든조건,모든조건,모든조건,,,,,,,,
CABLE-RJ45X-001,CABLE-RJ45 No-Clamp 1M,X,X,모든조건,Accessory,모든조건,모든조건,모든조건,모든조건,모든조건,모든조건,모든조건,모든조건,모든조건,모든조건,,,,,,,,
CABLE-RJ45X-002,CABLE-RJ45 No-Clamp 2M,X,X,모든조건,Accessory,모든조건,모든조건,모든조건,모든조건,모든조건,모든조건,모든조건,모든조건,모든조건,모든조건,,,,,,,,
CABLE-RJ45X-003,CABLE-RJ45 No-Clamp 3M,X,X,모든조건,Accessory,모든조건,모든조건,모든조건,모든조건,모든조건,모든조건,모든조건,모든조건,모든조건,모든조건,,,,,,,,
CABLE-RJ45X-004,CABLE-RJ45 No-Clamp 4M,X,X,모든조건,Accessory,모든조건,모든조건,모든조건,모든조건,모든조건,모든조건,모든조건,모든조건,모든조건,모든조건,,,,,,,,
CABLE-RJ45X-005,CABLE-RJ45 No-Clamp 5M,X,X,모든조건,Accessory,모든조건,모든조건,모든조건,모든조건,모든조건,모든조건,모든조건,모든조건,모든조건,모든조건,,,,,,,,
CABLE-RJ45X-01H,CABLE-RJ45 No-Clamp 1.5M,X,X,모든조건,Accessory,모든조건,모든조건,모든조건,모든조건,모든조건,모든조건,모든조건,모든조건,모든조건,모든조건,,,,,,,,
EGR-10USVM,MODBUS-RTU 8Pin Flush mounted,https://smartstore.naver.com/htengineering/products/11687583887,https://blog.naver.com/ht-eng/223827545946,전류,Digital,비통신,불가,X,불가,불가,불가,가능,불가,불가,불가,,,,,,,,
EGR-20UFCM,MODBUS-RTU 12Pin Flush mounted,https://smartstore.naver.com/htengineering/products/11687596453,https://blog.naver.com/ht-eng/223827545946,전류,Digital,비통신,불가,X,불가,불가,불가,가능,불가,불가,불가,,,,,,,,
EGR-20USAM,"MODBUS-RTU 8Pin Socket, Current ZCT",https://smartstore.naver.com/htengineering/products/11687615538,https://blog.naver.com/ht-eng/223827545946,전류,Digital,비통신,불가,X,불가,불가,불가,가능,불가,불가,불가,,,,,,,,
EOCR3DEV-05DUH,"3DE, 05A/100-240V,OL+AL,Hole",X,X,전류,Digital,비통신,불가,X,모든조건,가능,가능,불가,불가,불가,불가,,,,,,,,
EOCR3DEV-05DUT,"3DE, 05A/100-240V,OL+AL,TB",X,X,전류,Digital,비통신,불가,X,모든조건,가능,가능,불가,불가,불가,불가,,,,,,,,
EOCR3DEV-80DUH,"3DE, 80A/100-240V,OL+AL,Hole",X,X,전류,Digital,비통신,불가,X,모든조건,가능,가능,불가,불가,불가,불가,,,,,,,,
EOCR3DEV-80DUT,"3DE, 80A/100-240V,OL+AL,TB",X,X,전류,Digital,비통신,불가,X,모든조건,가능,가능,불가,불가,불가,불가,,,,,,,,
EOCR3E420-05DUH,EOCR-3E420 WR DC/AC 110~220,https://smartstore.naver.com/htengineering/products/11687835974,https://blog.naver.com/ht-eng/223827530874,전류,Digital,통신,4-20mA,X,모든조건,가능,가능,불가,불가,불가,불가,,,,,,,,
EOCR3E420-05DUT,EOCR-3E420 WR DC/AC 110~220,https://smartstore.naver.com/htengineering/products/11687879095,https://blog.naver.com/ht-eng/223827530874,전류,Digital,통신,4-20mA,X,모든조건,가능,가능,불가,불가,불가,불가,,,,,,,,
EOCR3E420-80DUH,EOCR-3E420 WR DC/AC 110~220,https://smartstore.naver.com/htengineering/products/11687871197,https://blog.naver.com/ht-eng/223827530874,전류,Digital,통신,4-20mA,X,모든조건,가능,가능,불가,불가,불가,불가,,,,,,,,
EOCR3E420-80DUT,EOCR-3E420 WR DC/AC 110~220,https://smartstore.naver.com/htengineering/products/11687888093,https://blog.naver.com/ht-eng/223827530874,전류,Digital,통신,4-20mA,X,모든조건,가능,가능,불가,불가,불가,불가,,,,,,,,
EOCR3EZ-05AUH,"3EZ, 05A/100-240V,OL+GR(E),Hole",https://smartstore.naver.com/htengineering/products/11687947642,https://blog.naver.com/ht-eng/223827530874,전류,Digital,비통신,불가,X,모든조건,가능,가능,가능,불가,불가,불가,,,,,,,,
EOCR3EZ-05AUT,"3EZ, 05A/100-240V,OL+GR(E),TB",https://smartstore.naver.com/htengineering/products/11687953117,https://blog.naver.com/ht-eng/223827530874,전류,Digital,비통신,불가,X,모든조건,가능,가능,가능,불가,불가,불가,,,,,,,,
EOCR3EZ-05CUH,"3EZ, 05A/100-240V,OL/GR(E),Hole",https://smartstore.naver.com/htengineering/products/11687931033,https://blog.naver.com/ht-eng/223827530874,전류,Digital,비통신,불가,X,모든조건,가능,가능,가능,불가,불가,불가,,,,,,,,
EOCR3EZ-05CUT,"3EZ, 05A/100-240V,OL/GR(E),TB",https://smartstore.naver.com/htengineering/products/11687938466,https://blog.naver.com/ht-eng/223827530874,전류,Digital,비통신,불가,X,모든조건,가능,가능,가능,불가,불가,불가,,,,,,,,
EOCR3EZ-80AUH,"3EZ, 80A/100-240V,OL+GR(E),Hole",https://smartstore.naver.com/htengineering/products/11687949838,https://blog.naver.com/ht-eng/223827530874,전류,Digital,비통신,불가,X,모든조건,가능,가능,가능,불가,불가,불가,,,,,,,,
EOCR3EZ-80AUT,"3EZ, 80A/100-240V,OL+GR(E),TB",https://smartstore.naver.com/htengineering/products/11687955575,https://blog.naver.com/ht-eng/223827530874,전류,Digital,비통신,불가,X,모든조건,가능,가능,가능,불가,불가,불가,,,,,,,,
EOCR3EZ-80CUH,"3EZ, 80A/100-240V,OL/GR(E),Hole",https://smartstore.naver.com/htengineering/products/11687934503,https://blog.naver.com/ht-eng/223827530874,전류,Digital,비통신,불가,X,모든조건,가능,가능,가능,불가,불가,불가,,,,,,,,
EOCR3EZ-80CUT,"3EZ, 80A/100-240V,OL/GR(E),TB",https://smartstore.naver.com/htengineering/products/11687939948,https://blog.naver.com/ht-eng/223827530874,전류,Digital,비통신,불가,X,모든조건,가능,가능,가능,불가,불가,불가,,,,,,,,
EOCRAR-05S,EOCRAR 05 24~240V Standard,https://smartstore.naver.com/htengineering/products/11662562899,https://blog.naver.com/ht-eng/223825205332,전류,Analog,비통신,불가,X,과전류,불가,불가,불가,불가,불가,불가,,,,,,,,
EOCRAR-30S,EOCRAR 30 24~240V Standard,https://smartstore.naver.com/htengineering/products/11662565620,https://blog.naver.com/ht-eng/223825205332,전류,Analog,비통신,불가,X,과전류,불가,불가,불가,불가,불가,불가,,,,,,,,
EOCRAR-60S,EOCRAR 60 24~240V Standard,https://smartstore.naver.com/htengineering/products/11662567142,https://blog.naver.com/ht-eng/223825205332,전류,Analog,비통신,불가,X,과전류,불가,불가,불가,불가,불가,불가,,,,,,,,
EOCR-COVER5P,Control Terminal Cover(45 Pcs)_5P for SP,X,X,모든조건,Accessory,모든조건,모든조건,모든조건,모든조건,모든조건,모든조건,모든조건,모든조건,모든조건,모든조건,,,,,,,,
EOCR-COVER6P,Control Terminal Cover(45 Pcs)_6P for SS,X,X,모든조건,Accessory,모든조건,모든조건,모든조건,모든조건,모든조건,모든조건,모든조건,모든조건,모든조건,모든조건,,,,,,,,
EOCRDG-05RB,EOCR-DG 05 R 24,https://smartstore.naver.com/htengineering/products/11662584388,https://blog.naver.com/ht-eng/223827558985,전류,Analog,비통신,불가,X,과전류,가능,가능,가능,불가,불가,불가,,,,,,,,
EOCRDG-05RM7,EOCR-DG 05 R 220(ONLY),https://smartstore.naver.com/htengineering/products/11662591303,https://blog.naver.com/ht-eng/223827558985,전류,Analog,비통신,불가,X,과전류,가능,가능,가능,불가,불가,불가,,,,,,,,
EOCRDG-30NM7,EOCR-DG 30 N 220(ONLY),X,https://blog.naver.com/ht-eng/223827558985,전류,Analog,비통신,불가,X,과전류,가능,가능,가능,불가,불가,불가,,,,,,,,
EOCRDG-30RM7,EOCR-DG 30 R 220(ONLY),https://smartstore.naver.com/htengineering/products/11662612982,https://blog.naver.com/ht-eng/223827558985,전류,Analog,비통신,불가,X,과전류,가능,가능,가능,불가,불가,불가,,,,,,,,
EOCRDGT-05RM7,EOCR-DGT 05 R 220(ONLY),https://smartstore.naver.com/htengineering/products/11662619771,https://blog.naver.com/ht-eng/223827558985,전류,Analog,비통신,불가,X,과전류,가능,가능,가능,불가,불가,불가,,,,,,,,
EOCRDGT-30RM7,EOCR-DGT 30 R 220(ONLY),https://smartstore.naver.com/htengineering/products/11662624131,https://blog.naver.com/ht-eng/223827558985,전류,Analog,비통신,불가,X,과전류,가능,가능,가능,불가,불가,불가,,,,,,,,
EOCRDS1-05S,EOCR-DS1 05 24~240V Standard,https://smartstore.naver.com/htengineering/products/11662706362,https://blog.naver.com/ht-eng/223827562214,전류,Analog,비통신,불가,X,과전류,가능,가능,불가,불가,불가,불가,,,,,,,,
EOCRDS1-30S,EOCR-DS1 30 24~240V Standard,https://smartstore.naver.com/htengineering/products/11662711298,https://blog.naver.com/ht-eng/223827562214,전류,Analog,비통신,불가,X,과전류,가능,가능,불가,불가,불가,불가,,,,,,,,
EOCRDS3-05S,EOCR-DS3 05 24~240V Standard,https://smartstore.naver.com/htengineering/products/11662706362,https://blog.naver.com/ht-eng/223827562214,전류,Analog,비통신,불가,X,과전류,가능,가능,불가,불가,불가,불가,,,,,,,,
EOCRDS3-30S,EOCR-DS3 30 24~240V Standard,https://smartstore.naver.com/htengineering/products/11663619158,https://blog.naver.com/ht-eng/223827562214,전류,Analog,비통신,불가,X,과전류,가능,가능,불가,불가,불가,불가,,,,,,,,
EOCRDS3-60S,EOCR-DS3 60 24~240V Standard,https://smartstore.naver.com/htengineering/products/11663622807,https://blog.naver.com/ht-eng/223827562214,전류,Analog,비통신,불가,X,과전류,가능,가능,불가,불가,불가,불가,,,,,,,,
EOCRDS3T-05S,EOCR-DS3T 05 24~240V Standard,https://smartstore.naver.com/htengineering/products/11663631616,https://blog.naver.com/ht-eng/223827562214,전류,Analog,비통신,불가,X,과전류,가능,가능,불가,불가,불가,불가,,,,,,,,
EOCRDS3T-30S,EOCR-DS3T 30 24~240V Standard,https://smartstore.naver.com/htengineering/products/11663633760,https://blog.naver.com/ht-eng/223827562214,전류,Analog,비통신,불가,X,과전류,가능,가능,불가,불가,불가,불가,,,,,,,,
EOCRDS3T-60S,EOCR-DS3T 60 24~240V Standard,https://smartstore.naver.com/htengineering/products/11663638068,https://blog.naver.com/ht-eng/223827562214,전류,Analog,비통신,불가,X,과전류,가능,가능,불가,불가,불가,불가,,,,,,,,
EOCRDZ-05NF7,EOCR-DZ 05 N 110,https://smartstore.naver.com/htengineering/products/11663657692,https://blog.naver.com/ht-eng/223978420014,전류,Analog,비통신,불가,X,과전류,가능,가능,가능,불가,불가,불가,,,,,,,,
EOCRDZ-05RF7,EOCR-DZ 05 R 110,https://smartstore.naver.com/htengineering/products/11663662832,https://blog.naver.com/ht-eng/223978420014,전류,Analog,비통신,불가,X,과전류,가능,가능,가능,불가,불가,불가,,,,,,,,
EOCRDZ-05RM7,EOCR-DZ 05 R 220(ONLY),https://smartstore.naver.com/htengineering/products/11663668756,https://blog.naver.com/ht-eng/223978420014,전류,Analog,비통신,불가,X,과전류,가능,가능,가능,불가,불가,불가,,,,,,,,
EOCRDZ-10RF7,EOCR-DZ 10 R 110,https://smartstore.naver.com/htengineering/products/11663673137,https://blog.naver.com/ht-eng/223978420014,전류,Analog,비통신,불가,X,과전류,가능,가능,가능,불가,불가,불가,,,,,,,,
EOCRDZ-10RM7,EOCR-DZ 10 R 220(ONLY),https://smartstore.naver.com/htengineering/products/11663681942,https://blog.naver.com/ht-eng/223978420014,전류,Analog,비통신,불가,X,과전류,가능,가능,가능,불가,불가,불가,,,,,,,,
EOCRDZ-60NM7,EOCR-DZ 60 N 220(ONLY),https://smartstore.naver.com/htengineering/products/11663687303,https://blog.naver.com/ht-eng/223978420014,전류,Analog,비통신,불가,X,과전류,가능,가능,가능,불가,불가,불가,,,,,,,,
EOCRDZ-60RF7,EOCR-DZ 60 R 110(ONLY),https://smartstore.naver.com/htengineering/products/11663698833,https://blog.naver.com/ht-eng/223978420014,전류,Analog,비통신,불가,X,과전류,가능,가능,가능,불가,불가,불가,,,,,,,,
EOCRDZ-60RM7,EOCR-DZ 60 R 220(ONLY),https://smartstore.naver.com/htengineering/products/11663704950,https://blog.naver.com/ht-eng/223978420014,전류,Analog,비통신,불가,X,과전류,가능,가능,가능,불가,불가,불가,,,,,,,,
EOCRDZT-05RM7,EOCR-DZT 05 R 220,X,https://blog.naver.com/ht-eng/223978420014,전류,Analog,비통신,불가,X,과전류,가능,가능,가능,불가,불가,불가,,,,,,,,
EOCRDZT-60RM7,EOCR-DZT 60 R 220,X,https://blog.naver.com/ht-eng/223978420014,전류,Analog,비통신,불가,X,과전류,가능,가능,가능,불가,불가,불가,,,,,,,,
EOCRFDE-05DUH,"FDE, 05A/100-240V,OL+AL,Hole,PDM",https://smartstore.naver.com/htengineering/products/11687977232,https://blog.naver.com/ht-eng/223827530874,전류,Digital,비통신,불가,X,모든조건,가능,가능,불가,불가,불가,불가,,,,,,,,
EOCRFDE-05DUT,"FDE, 05A/100-240V,OL+AL,TB,PDM",https://smartstore.naver.com/htengineering/products/11687982210,https://blog.naver.com/ht-eng/223827530874,전류,Digital,비통신,불가,X,모든조건,가능,가능,불가,불가,불가,불가,,,,,,,,
EOCRFDE-80DUH,"FDE, 80A/100-240V,OL+AL,Hole,PDM",https://smartstore.naver.com/htengineering/products/11687979263,https://blog.naver.com/ht-eng/223827530874,전류,Digital,비통신,불가,X,모든조건,가능,가능,불가,불가,불가,불가,,,,,,,,
EOCRFDE-80DUT,"FDE, 80A/100-240V,OL+AL,TB,PDM",https://smartstore.naver.com/htengineering/products/11687984441,https://blog.naver.com/ht-eng/223827530874,전류,Digital,비통신,불가,X,모든조건,가능,가능,불가,불가,불가,불가,,,,,,,,
EOCRFE420-05DUH,"FE420, 05A/100-240V,OL+420,Hole,PDM",https://smartstore.naver.com/htengineering/products/11687835974,https://blog.naver.com/ht-eng/223827530874,전류,Digital,통신,4-20mA,X,모든조건,가능,가능,불가,불가,불가,불가,,,,,,,,
EOCRFE420-05DUT,"FE420, 05A/100-240V,OL+420,TB,PDM",https://smartstore.naver.com/htengineering/products/11687879095,https://blog.naver.com/ht-eng/223827530874,전류,Digital,통신,4-20mA,X,모든조건,가능,가능,불가,불가,불가,불가,,,,,,,,
EOCRFE420-80DUH,"FE420, 80A/100-240V,OL+420,Hole,PDM",https://smartstore.naver.com/htengineering/products/11687871197,https://blog.naver.com/ht-eng/223827530874,전류,Digital,통신,4-20mA,X,모든조건,가능,가능,불가,불가,불가,불가,,,,,,,,
EOCRFE420-80DUT,"FE420, 80A/100-240V,OL+420,TB,PDM",https://smartstore.naver.com/htengineering/products/11687888093,https://blog.naver.com/ht-eng/223827530874,전류,Digital,통신,4-20mA,X,모든조건,가능,가능,불가,불가,불가,불가,,,,,,,,
EOCRFEZ-05AUH,"FEZ_a, 05A/100-240V,OL+GR(E),Hole,PDM",https://smartstore.naver.com/htengineering/products/11688046761,https://blog.naver.com/ht-eng/223827530874,전류,Digital,비통신,불가,X,모든조건,가능,가능,가능,불가,불가,불가,,,,,,,,
EOCRFEZ-05AUT,"FEZ_a, 05A/100-240V,OL+GR(E),TB,PDM",https://smartstore.naver.com/htengineering/products/11688040692,https://blog.naver.com/ht-eng/223827530874,전류,Digital,비통신,불가,X,모든조건,가능,가능,가능,불가,불가,불가,,,,,,,,
EOCRFEZ-05CUH,"FEZ, 05A/100-240V,OL/GR(E),Hole,PDM",https://smartstore.naver.com/htengineering/products/11688023895,https://blog.naver.com/ht-eng/223827530874,전류,Digital,비통신,불가,X,모든조건,가능,가능,가능,불가,불가,불가,,,,,,,,
EOCRFEZ-05CUT,"FEZ, 05A/100-240V,OL/GR(E),TB,PDM",https://smartstore.naver.com/htengineering/products/11688029610,https://blog.naver.com/ht-eng/223827530874,전류,Digital,비통신,불가,X,모든조건,가능,가능,가능,불가,불가,불가,,,,,,,,
EOCRFEZ-80AUH,"FEZ_a, 80A/100-240V,OL+GR(E),Hole,PDM",https://smartstore.naver.com/htengineering/products/11688048456,https://blog.naver.com/ht-eng/223827530874,전류,Digital,비통신,불가,X,모든조건,가능,가능,가능,불가,불가,불가,,,,,,,,
EOCRFEZ-80AUT,"EZ_a, 80A/100-240V,OL+GR(E),TB,PDM",https://smartstore.naver.com/htengineering/products/11688043157,https://blog.naver.com/ht-eng/223827530874,전류,Digital,비통신,불가,X,모든조건,가능,가능,가능,불가,불가,불가,,,,,,,,
EOCRFEZ-80CUH,"FEZ, 80A/100-240V,OL/GR(E),Hole,PDM",https://smartstore.naver.com/htengineering/products/11688026672,https://blog.naver.com/ht-eng/223827530874,전류,Digital,비통신,불가,X,모든조건,가능,가능,가능,불가,불가,불가,,,,,,,,
EOCRFEZ-80CUT,"FEZ, 80A/100-240V,OL/GR(E),TB,PDM",https://smartstore.naver.com/htengineering/products/11688031388,https://blog.naver.com/ht-eng/223827530874,전류,Digital,비통신,불가,X,모든조건,가능,가능,가능,불가,불가,불가,,,,,,,,
EOCR-PDM,EOCR-PDM Display,X,X,모든조건,Accessory,모든조건,모든조건,모든조건,모든조건,모든조건,모든조건,모든조건,모든조건,모든조건,모든조건,,,,,,,,
EOCR-PDMZ,EOCR-PDM Display,https://smartstore.naver.com/htengineering/products/12281132050,X,모든조건,Accessory,모든조건,모든조건,모든조건,모든조건,모든조건,모든조건,모든조건,모든조건,모든조건,모든조건,,,,,,,,
EOCRPFZT-WRDUH,EOCR-PFZ 100~240 VAC/DC HOLE TMP,https://smartstore.naver.com/htengineering/products/11695971476,https://blog.naver.com/ht-eng/223827625444,전류,Digital,통신,Modbus-RTU(RS485)/4-20mA,O,모든조건,가능,가능,가능,가능,불가,불가,,,,,,,,
EOCRPFZ-WRDUH,EOCR-PFZ 100~240 VAC/DC HOLE,https://smartstore.naver.com/htengineering/products/11695971476,https://blog.naver.com/ht-eng/223827625444,전류,Digital,통신,Modbus-RTU(RS485)/4-20mA,O,모든조건,가능,가능,가능,가능,불가,불가,,,,,,,,
EOCRPFZ-WRDUT,EOCR-PFZ 100~240 VAC/DC TERMINAL,https://smartstore.naver.com/htengineering/products/11695971476,https://blog.naver.com/ht-eng/223827625444,전류,Digital,통신,Modbus-RTU(RS485)/4-20mA,O,모든조건,가능,가능,가능,가능,불가,불가,,,,,,,,
EOCRPMZ-WRDUH,EOCR-PMZ 100~240 VAC/DC HOLE,https://smartstore.naver.com/htengineering/products/11696057424,https://blog.naver.com/ht-eng/223827625444,전류,Digital,통신,Modbus-RTU(RS485)/4-20mA,O,모든조건,가능,가능,가능,가능,불가,불가,,,,,,,,
EOCRPMZ-WRDUT,EOCR-PMZ 100~240 VAC/DC TERMINAL,https://smartstore.naver.com/htengineering/products/11696057424,https://blog.naver.com/ht-eng/223827625444,전류,Digital,통신,Modbus-RTU(RS485)/4-20mA,O,모든조건,가능,가능,가능,가능,불가,불가,,,,,,,,
EOCRSE2-05NS,EOCR-SE2 05 N 24~240V Standard,https://smartstore.naver.com/htengineering/products/11663881198,https://blog.naver.com/ht-eng/223827564994,전류,Analog,비통신,불가,X,과전류,불가,불가,불가,불가,불가,불가,,,,,,,,
EOCRSE2-05RS,EOCR-SE2 05 R 24~240V Standard,https://smartstore.naver.com/htengineering/products/11663889558,https://blog.naver.com/ht-eng/223827564994,전류,Analog,비통신,불가,X,과전류,불가,불가,불가,불가,불가,불가,,,,,,,,
EOCRSE2-30NS,EOCR-SE2 30 N 24~240V Standard,https://smartstore.naver.com/htengineering/products/11663902924,https://blog.naver.com/ht-eng/223827564994,전류,Analog,비통신,불가,X,과전류,불가,불가,불가,불가,불가,불가,,,,,,,,
EOCRSE2-30RS,EOCR-SE2 30 R 24~240V Standard,https://smartstore.naver.com/htengineering/products/11663902924,https://blog.naver.com/ht-eng/223827564994,전류,Analog,비통신,불가,X,과전류,불가,불가,불가,불가,불가,불가,,,,,,,,
EOCRSE2-60NS,EOCR-SE2 60 N 24~240V Standard,https://smartstore.naver.com/htengineering/products/11663906348,https://blog.naver.com/ht-eng/223827564994,전류,Analog,비통신,불가,X,과전류,불가,불가,불가,불가,불가,불가,,,,,,,,
EOCRSE2-60RS,EOCR-SE2 60 R 24~240V Standard,https://smartstore.naver.com/htengineering/products/11663910121,https://blog.naver.com/ht-eng/223827564994,전류,Analog,비통신,불가,X,과전류,불가,불가,불가,불가,불가,불가,,,,,,,,
EOCRSP01NM,EOCR-SP 01 N 220 (w TVS),https://smartstore.naver.com/htengineering/products/11663932555,https://blog.naver.com/ht-eng/223825196745,전류,Analog,비통신,불가,X,과전류,불가,불가,불가,불가,불가,불가,,,,,,,,
EOCRSP01RF,EOCR-SP 01 R 110 (w TVS),https://smartstore.naver.com/htengineering/products/11663945256,https://blog.naver.com/ht-eng/223825196745,전류,Analog,비통신,불가,X,과전류,불가,불가,불가,불가,불가,불가,,,,,,,,
EOCRSP01RM,EOCR-SP 01 R 220 (w TVS),https://smartstore.naver.com/htengineering/products/11663953048,https://blog.naver.com/ht-eng/223825196745,전류,Analog,비통신,불가,X,과전류,불가,불가,불가,불가,불가,불가,,,,,,,,
EOCRSP10NB,EOCR-SP 10 N 24 (w TVS),https://smartstore.naver.com/htengineering/products/11667217095,https://blog.naver.com/ht-eng/223825196745,전류,Analog,비통신,불가,X,과전류,불가,불가,불가,불가,불가,불가,,,,,,,,
EOCRSP10NF,EOCR-SP 10 N 110 (w TVS),https://smartstore.naver.com/htengineering/products/11663960331,https://blog.naver.com/ht-eng/223825196745,전류,Analog,비통신,불가,X,과전류,불가,불가,불가,불가,불가,불가,,,,,,,,
EOCRSP10NM,EOCR-SP 10 N 220 (w TVS),https://smartstore.naver.com/htengineering/products/11663968275,https://blog.naver.com/ht-eng/223825196745,전류,Analog,비통신,불가,X,과전류,불가,불가,불가,불가,불가,불가,,,,,,,,
EOCRSP10RB,EOCR-SP 10 R 24 (w TVS),https://smartstore.naver.com/htengineering/products/11667496310,https://blog.naver.com/ht-eng/223825196745,전류,Analog,비통신,불가,X,과전류,불가,불가,불가,불가,불가,불가,,,,,,,,
EOCRSP10RF,EOCR-SP 10 R 110 (w TVS),https://smartstore.naver.com/htengineering/products/11667221927,https://blog.naver.com/ht-eng/223825196745,전류,Analog,비통신,불가,X,과전류,불가,불가,불가,불가,불가,불가,,,,,,,,
EOCRSP10RM,EOCR-SP 10 R 220 (w TVS),https://smartstore.naver.com/htengineering/products/11667486373,https://blog.naver.com/ht-eng/223825196745,전류,Analog,비통신,불가,X,과전류,불가,불가,불가,불가,불가,불가,,,,,,,,
EOCRSP20NM,EOCR-SP 20 N 220 (w TVS),https://smartstore.naver.com/htengineering/products/11667782689,https://blog.naver.com/ht-eng/223825196745,전류,Analog,비통신,불가,X,과전류,불가,불가,불가,불가,불가,불가,,,,,,,,
EOCRSP20RB,EOCR-SP 20 R 24 (w TVS),https://smartstore.naver.com/htengineering/products/11667806227,https://blog.naver.com/ht-eng/223825196745,전류,Analog,비통신,불가,X,과전류,불가,불가,불가,불가,불가,불가,,,,,,,,
EOCRSP20RF,EOCR-SP 20 R 110 (w TVS),https://smartstore.naver.com/htengineering/products/11667791635,https://blog.naver.com/ht-eng/223825196745,전류,Analog,비통신,불가,X,과전류,불가,불가,불가,불가,불가,불가,,,,,,,,
EOCRSP20RM,EOCR-SP 20 R 220 (w TVS),https://smartstore.naver.com/htengineering/products/11667797870,https://blog.naver.com/ht-eng/223825196745,전류,Analog,비통신,불가,X,과전류,불가,불가,불가,불가,불가,불가,,,,,,,,
EOCRSP40NM,EOCR-SP 40 N 220 (w TVS),https://smartstore.naver.com/htengineering/products/11667811712,https://blog.naver.com/ht-eng/223825196745,전류,Analog,비통신,불가,X,과전류,불가,불가,불가,불가,불가,불가,,,,,,,,
EOCRSP40RB,EOCR-SP 40 R 24 (w TVS),https://smartstore.naver.com/htengineering/products/11667832862,https://blog.naver.com/ht-eng/223825196745,전류,Analog,비통신,불가,X,과전류,불가,불가,불가,불가,불가,불가,,,,,,,,
EOCRSP40RF,EOCR-SP 40 R 110 (w TVS),https://smartstore.naver.com/htengineering/products/11667817152,https://blog.naver.com/ht-eng/223825196745,전류,Analog,비통신,불가,X,과전류,불가,불가,불가,불가,불가,불가,,,,,,,,
EOCRSP40RM,EOCR-SP 40 R 220 (w TVS),https://smartstore.naver.com/htengineering/products/11667826686,https://blog.naver.com/ht-eng/223825196745,전류,Analog,비통신,불가,X,과전류,불가,불가,불가,불가,불가,불가,,,,,,,,
EOCR-SPDM,EOCR-PDM Display w temperature sensor,https://smartstore.naver.com/htengineering/products/12281132050,X,모든조건,Accessory,모든조건,모든조건,모든조건,모든조건,모든조건,모든조건,모든조건,모든조건,모든조건,모든조건,,,,,,,,
EOCR-SPDMT,EOCR-PDM Display w temperature sensor,https://smartstore.naver.com/htengineering/products/12281132050,X,모든조건,Accessory,모든조건,모든조건,모든조건,모든조건,모든조건,모든조건,모든조건,모든조건,모든조건,모든조건,,,,,,,,
EOCRSS-05RU,EOCR-SS 05 24~240V Standard,https://smartstore.naver.com/htengineering/products/11672331827,https://blog.naver.com/ht-eng/223825183195,전류,Analog,비통신,불가,X,과전류,불가,불가,불가,불가,불가,불가,,,,,,,,
EOCRSS-05S,EOCR-SS 05 24~240V Standard,https://smartstore.naver.com/htengineering/products/11672262890,https://blog.naver.com/ht-eng/223825183195,전류,Analog,비통신,불가,X,과전류,불가,불가,불가,불가,불가,불가,,,,,,,,
EOCRSS-05W,EOCR-SS 05 380~440V Wide,https://smartstore.naver.com/htengineering/products/11672319051,https://blog.naver.com/ht-eng/223825183195,전류,Analog,비통신,불가,X,과전류,불가,불가,불가,불가,불가,불가,,,,,,,,
EOCRSS-30RU,EOCR-SS 30 24~240V Standard,https://smartstore.naver.com/htengineering/products/11672334364,https://blog.naver.com/ht-eng/223825183195,전류,Analog,비통신,불가,X,과전류,불가,불가,불가,불가,불가,불가,,,,,,,,
EOCRSS-30S,EOCR-SS 30 24~240V Standard,https://smartstore.naver.com/htengineering/products/11672264485,https://blog.naver.com/ht-eng/223825183195,전류,Analog,비통신,불가,X,과전류,불가,불가,불가,불가,불가,불가,,,,,,,,
EOCRSS-30W,EOCR-SS 30 380~440V Wide,https://smartstore.naver.com/htengineering/products/11672322409,https://blog.naver.com/ht-eng/223825183195,전류,Analog,비통신,불가,X,과전류,불가,불가,불가,불가,불가,불가,,,,,,,,
EOCRSS-60RU,EOCR-SS 60 24~240V Standard,https://smartstore.naver.com/htengineering/products/11672338632,https://blog.naver.com/ht-eng/223825183195,전류,Analog,비통신,불가,X,과전류,불가,불가,불가,불가,불가,불가,,,,,,,,
EOCRSS-60S,EOCR-SS 60 24~240V Standard,https://smartstore.naver.com/htengineering/products/11672265529,https://blog.naver.com/ht-eng/223825183195,전류,Analog,비통신,불가,X,과전류,불가,불가,불가,불가,불가,불가,,,,,,,,
EOCRSS-60W,EOCR-SS 60 380~440V Wide,https://smartstore.naver.com/htengineering/products/11672325489,https://blog.naver.com/ht-eng/223825183195,전류,Analog,비통신,불가,X,과전류,불가,불가,불가,불가,불가,불가,,,,,,,,
EOCRSSD-05S,EOCR-SSD 05 24~240 V AC/DC,https://smartstore.naver.com/htengineering/products/11696079205,https://blog.naver.com/ht-eng/223827568921,전류,Digital,비통신,불가,X,과전류,가능,불가,불가,불가,불가,불가,,,,,,,,
EOCRSSD-05W,EOCR-SSD 05 380~440 V AC,https://smartstore.naver.com/htengineering/products/11696079205,https://blog.naver.com/ht-eng/223827568921,전류,Digital,비통신,불가,X,과전류,가능,불가,불가,불가,불가,불가,,,,,,,,
EOCRSS-D1RU,EOCR-SS 100 2CT 1c 100~220V,https://smartstore.naver.com/htengineering/products/11672706764,https://blog.naver.com/ht-eng/223825183195,전류,Analog,비통신,불가,X,과전류,불가,불가,불가,불가,불가,불가,,,,,,,,
EOCRSS-D1S,EOCR-SS 100 2CT 24~240V Standard,X,https://blog.naver.com/ht-eng/223825183195,전류,Analog,비통신,불가,X,과전류,불가,불가,불가,불가,불가,불가,,,,,,,,
EOCRSS-D2RU,EOCR-SS 200 2CT 1c 100~220V,https://smartstore.naver.com/htengineering/products/11672746711,https://blog.naver.com/ht-eng/223825183195,전류,Analog,비통신,불가,X,과전류,불가,불가,불가,불가,불가,불가,,,,,,,,
EOCRSSD-30S,EOCR-SSD 30 24~240 V AC/DC,https://smartstore.naver.com/htengineering/products/11696079205,https://blog.naver.com/ht-eng/223827568921,전류,Digital,비통신,불가,X,과전류,가능,불가,불가,불가,불가,불가,,,,,,,,
EOCRSSD-30W,EOCR-SSD 30 380~440 V AC,https://smartstore.naver.com/htengineering/products/11696079205,https://blog.naver.com/ht-eng/223827568921,전류,Digital,비통신,불가,X,과전류,가능,불가,불가,불가,불가,불가,,,,,,,,
EOCRSSD-60S,EOCR-SSD 60 24~240 V AC/DC,https://smartstore.naver.com/htengineering/products/11696079205,https://blog.naver.com/ht-eng/223827568921,전류,Digital,비통신,불가,X,과전류,가능,불가,불가,불가,불가,불가,,,,,,,,
EOCRSSD-60W,EOCR-SSD 60 380~440 V AC,https://smartstore.naver.com/htengineering/products/11696079205,https://blog.naver.com/ht-eng/223827568921,전류,Digital,비통신,불가,X,과전류,가능,불가,불가,불가,불가,불가,,,,,,,,
EOCRSS-DHRU,EOCR-SS 150 2CT 1c 100~220V,https://smartstore.naver.com/htengineering/products/11672711620,https://blog.naver.com/ht-eng/223825183195,전류,Analog,비통신,불가,X,과전류,불가,불가,불가,불가,불가,불가,,,,,,,,
EOCRSS-DHS,EOCR-SS 150 2CT 24~240V Standard,https://smartstore.naver.com/htengineering/products/11672735050,https://blog.naver.com/ht-eng/223825183195,전류,Analog,비통신,불가,X,과전류,불가,불가,불가,불가,불가,불가,,,,,,,,
EUCR-05S,EUCR 05 24~240V Standard,https://smartstore.naver.com/htengineering/products/11672773160,https://blog.naver.com/ht-eng/223827572637,전류,Analog,비통신,불가,X,저전류,불가,불가,불가,불가,불가,불가,,,,,,,,
EUCR-05W,EUCR 05 380~440V Wide,https://smartstore.naver.com/htengineering/products/11672780203,https://blog.naver.com/ht-eng/223827572637,전류,Analog,비통신,불가,X,저전류,불가,불가,불가,불가,불가,불가,,,,,,,,
EUCR-30S,EUCR 30 24~240V Standard,https://smartstore.naver.com/htengineering/products/11672788172,https://blog.naver.com/ht-eng/223827572637,전류,Analog,비통신,불가,X,저전류,불가,불가,불가,불가,불가,불가,,,,,,,,
EUCR-30W,EUCR 30 380~440V Wide,https://smartstore.naver.com/htengineering/products/11672794285,https://blog.naver.com/ht-eng/223827572637,전류,Analog,비통신,불가,X,저전류,불가,불가,불가,불가,불가,불가,,,,,,,,
EUCR-60S,EUCR 60 24~240V Standard,https://smartstore.naver.com/htengineering/products/11672790328,https://blog.naver.com/ht-eng/223827572637,전류,Analog,비통신,불가,X,저전류,불가,불가,불가,불가,불가,불가,,,,,,,,
EVR-1P22,EVR-1P22,https://smartstore.naver.com/htengineering/products/11672913802,https://blog.naver.com/ht-eng/223827618984,전압,Digital,비통신,불가,X,불가,불가,불가,불가,불가,가능,불가,,,,,,,,
EVR-3P44,EVR-3P44,https://smartstore.naver.com/htengineering/products/11672916356,https://blog.naver.com/ht-eng/223827618984,전압,Digital,비통신,불가,X,불가,가능,가능,불가,불가,가능,불가,,,,,,,,
EVRPD-220NZ6SM,EVR-PD MODE 220 N 1P 60HZ,X,https://blog.naver.com/ht-eng/223827618984,전압,Digital,비통신,불가,X,불가,가능,가능,불가,불가,가능,불가,,,,,,,,
EVRPD-44U,"EVRPD, Ue = 70…550 VAC, Us = 100…240 VAC",https://smartstore.naver.com/htengineering/products/11672926102,https://blog.naver.com/ht-eng/223827618984,전압,Digital,비통신,불가,X,불가,가능,가능,불가,불가,가능,불가,,,,,,,,
FBZ2-WRABHZ,EOCR-FBZ2 WR A-A 24V BOTTOM,https://smartstore.naver.com/htengineering/products/11696114083,https://blog.naver.com/ht-eng/223827535805,전류,Digital,비통신,불가,O,모든조건,가능,가능,가능,불가,불가,불가,,,,,,,,
FBZ2-WRAUHZ,EOCR-FBZ2 WR A-A 100~240V,https://smartstore.naver.com/htengineering/products/11686862149,https://blog.naver.com/ht-eng/223827535805,전류,Digital,비통신,불가,O,모든조건,가능,가능,가능,불가,불가,불가,,,,,,,,
FBZ2-WRAUTZ,EOCR-FBZ2 WR A-A 100~240V,X,https://blog.naver.com/ht-eng/223827535805,전류,Digital,비통신,불가,O,모든조건,가능,가능,가능,불가,불가,불가,,,,,,,,
FBZ2-WRCBHZ,EOCR-FBZ2 WR 1A1B 24V BOTTOM,https://smartstore.naver.com/htengineering/products/11696114083,https://blog.naver.com/ht-eng/223827535805,전류,Digital,비통신,불가,O,모든조건,가능,가능,가능,불가,불가,불가,,,,,,,,
FBZ2-WRCBTZ,EOCR-FBZ2 WR 1A1B 24V TERMINAL,X,https://blog.naver.com/ht-eng/223827535805,전류,Digital,비통신,불가,O,모든조건,가능,가능,가능,불가,불가,불가,,,,,,,,
FBZ2-WRCUHZ,EOCR-FBZ2 WR 1A1B 100~240V,https://smartstore.naver.com/htengineering/products/11686831936,https://blog.naver.com/ht-eng/223827535805,전류,Digital,비통신,불가,O,모든조건,가능,가능,가능,불가,불가,불가,,,,,,,,
FBZ2-WRCUTZ,EOCR-FBZ2 WR 1A1B 100~240V,X,https://blog.naver.com/ht-eng/223827535805,전류,Digital,비통신,불가,O,모든조건,가능,가능,가능,불가,불가,불가,,,,,,,,
FDM2-WRDBHZ,EOCR-FDM2 WR 24V Bottom,https://smartstore.naver.com/htengineering/products/11686728647,https://blog.naver.com/ht-eng/223827535805,전류,Digital,비통신,불가,X,모든조건,가능,가능,불가,불가,불가,불가,,,,,,,,
FDM2-WRDBWZ,EOCR-FDM2 WR 24V Window,https://smartstore.naver.com/htengineering/products/11686805177,https://blog.naver.com/ht-eng/223827535805,전류,Digital,비통신,불가,X,모든조건,가능,가능,불가,불가,불가,불가,,,,,,,,
FDM2-WRDUHZ,EOCR-FDM2 WR 100~240V Bottom,https://smartstore.naver.com/htengineering/products/11686703956,https://blog.naver.com/ht-eng/223827535805,전류,Digital,비통신,불가,X,모든조건,가능,가능,불가,불가,불가,불가,,,,,,,,
FDM2-WRDUTZ,EOCR-FDM2 WR 100~240V Terminal,X,https://blog.naver.com/ht-eng/223827535805,전류,Digital,비통신,불가,X,모든조건,가능,가능,불가,불가,불가,불가,,,,,,,,
FDM2-WRDUWZ,EOCR-FDM2 WR 100~240V Window,https://smartstore.naver.com/htengineering/products/11686800963,https://blog.naver.com/ht-eng/223827535805,전류,Digital,비통신,불가,X,모든조건,가능,가능,불가,불가,불가,불가,,,,,,,,
FMSZ-WRAUWHYZ,EOCR-FMSZ HYNIX(FMZ2),X,https://blog.naver.com/ht-eng/223827535805,전류,Digital,비통신,불가,X,모든조건,가능,가능,가능,가능,불가,불가,,,,,,,,
FMZ2-WRABHZ,EOCR-FMZ2 WR A-A 24V Bottom,https://smartstore.naver.com/htengineering/products/11696158915,https://blog.naver.com/ht-eng/223827535805,전류,Digital,비통신,불가,X,모든조건,가능,가능,가능,불가,불가,불가,,,,,,,,
FMZ2-WRABWZ,EOCR-FMZ2 WR A-A 24V Window,https://smartstore.naver.com/htengineering/products/11696158915,https://blog.naver.com/ht-eng/223827535805,전류,Digital,비통신,불가,X,모든조건,가능,가능,가능,불가,불가,불가,,,,,,,,
FMZ2-WRAUHZ,EOCR-FMZ2 WR A-A 100~240V Bott,https://smartstore.naver.com/htengineering/products/11696158915,https://blog.naver.com/ht-eng/223827535805,전류,Digital,비통신,불가,X,모든조건,가능,가능,가능,불가,불가,불가,,,,,,,,
FMZ2-WRAUTZ,EOCR-FMZ2 WR A-A 100~240V Term,X,https://blog.naver.com/ht-eng/223827535805,전류,Digital,비통신,불가,X,모든조건,가능,가능,가능,불가,불가,불가,,,,,,,,
FMZ2-WRAUWZ,EOCR-FMZ2 WR A-A 100~240V Wind,https://smartstore.naver.com/htengineering/products/11696158915,https://blog.naver.com/ht-eng/223827535805,전류,Digital,비통신,불가,X,모든조건,가능,가능,가능,불가,불가,불가,,,,,,,,
FMZ2-WRCBTZ,EOCR-FMZ2 WR 1A1B 24V Terminal,X,https://blog.naver.com/ht-eng/223827535805,전류,Digital,비통신,불가,X,모든조건,가능,가능,가능,불가,불가,불가,,,,,,,,
FMZ2-WRCBWZ,EOCR-FMZ2 WR 1A1B 24V Window,https://smartstore.naver.com/htengineering/products/11696158915,https://blog.naver.com/ht-eng/223827535805,전류,Digital,비통신,불가,X,모든조건,가능,가능,가능,불가,불가,불가,,,,,,,,
FMZ2-WRCUHZ,EOCR-FMZ2 WR 1A1B 100~240V Bot,https://smartstore.naver.com/htengineering/products/11696158915,https://blog.naver.com/ht-eng/223827535805,전류,Digital,비통신,불가,X,모든조건,가능,가능,가능,불가,불가,불가,,,,,,,,
FMZ2-WRCUWZ,EOCR-FMZ2 WR 1A1B 100~240V Win,https://smartstore.naver.com/htengineering/products/11696158915,https://blog.naver.com/ht-eng/223827535805,전류,Digital,비통신,불가,X,모든조건,가능,가능,가능,불가,불가,불가,,,,,,,,
FMZ2-WRDUHZ,EOCR-FMZ2 WR B-A 100~240V Bott,https://smartstore.naver.com/htengineering/products/11696158915,https://blog.naver.com/ht-eng/223827535805,전류,Digital,비통신,불가,X,모든조건,가능,가능,가능,불가,불가,불가,,,,,,,,
I3BZ-WRABHZ,EOCR-I3BZ WR A-A 24V BOTTOM,https://smartstore.naver.com/htengineering/products/11697161250,https://blog.naver.com/ht-eng/223827535805,전류,Digital,통신,Modbus-RTU(RS485),O,모든조건,가능,가능,가능,불가,불가,불가,,,,,,,,
I3BZ-WRAUHZ,EOCR-I3BZ WR A-A 100~240V,https://smartstore.naver.com/htengineering/products/11697161250,https://blog.naver.com/ht-eng/223827535805,전류,Digital,통신,Modbus-RTU(RS485),O,모든조건,가능,가능,가능,불가,불가,불가,,,,,,,,
I3BZ-WRCBHZ,EOCR-I3BZ WR 1A1B 24V BOTTOM,https://smartstore.naver.com/htengineering/products/11697161250,https://blog.naver.com/ht-eng/223827535805,전류,Digital,통신,Modbus-RTU(RS485),O,모든조건,가능,가능,가능,불가,불가,불가,,,,,,,,
I3BZ-WRCBTZ,EOCR-I3BZ WR 1A1B 24V TERMINAL,X,https://blog.naver.com/ht-eng/223827535805,전류,Digital,통신,Modbus-RTU(RS485),O,모든조건,가능,가능,가능,불가,불가,불가,,,,,,,,
I3BZ-WRCUHZ,EOCR-I3BZ WR 1A1B 100~240V,https://smartstore.naver.com/htengineering/products/11697161250,https://blog.naver.com/ht-eng/223827535805,전류,Digital,통신,Modbus-RTU(RS485),O,모든조건,가능,가능,가능,불가,불가,불가,,,,,,,,
I3BZ-WRCUTZ,EOCR-I3BZ WR 1A1B 100~240V,X,https://blog.naver.com/ht-eng/223827535805,전류,Digital,통신,Modbus-RTU(RS485),O,모든조건,가능,가능,가능,불가,불가,불가,,,,,,,,
I3DM-WRDBHZ,EOCR-i3DM WR 24V Bottom,https://smartstore.naver.com/htengineering/products/11697176720,https://blog.naver.com/ht-eng/223827535805,전류,Digital,통신,Modbus-RTU(RS485),X,모든조건,가능,가능,불가,가능,불가,불가,,,,,,,,
I3DM-WRDBTZ,EOCR-i3DM WR 24V Terminal,X,https://blog.naver.com/ht-eng/223827535805,전류,Digital,통신,Modbus-RTU(RS485),X,모든조건,가능,가능,불가,가능,불가,불가,,,,,,,,
I3DM-WRDBWZ,EOCR-i3DM WR 24V Window,https://smartstore.naver.com/htengineering/products/11697176720,https://blog.naver.com/ht-eng/223827535805,전류,Digital,통신,Modbus-RTU(RS485),X,모든조건,가능,가능,불가,가능,불가,불가,,,,,,,,
I3DM-WRDUHZ,EOCR-i3DM WR 100~240V Bottom,https://smartstore.naver.com/htengineering/products/11697176720,https://blog.naver.com/ht-eng/223827535805,전류,Digital,통신,Modbus-RTU(RS485),X,모든조건,가능,가능,불가,가능,불가,불가,,,,,,,,
I3DM-WRDUTZ,EOCR-i3DM WR 100~240V Terminal,X,https://blog.naver.com/ht-eng/223827535805,전류,Digital,통신,Modbus-RTU(RS485),X,모든조건,가능,가능,불가,가능,불가,불가,,,,,,,,
I3DM-WRDUWZ,EOCR-i3DM WR 100~240V Window,https://smartstore.naver.com/htengineering/products/11697176720,https://blog.naver.com/ht-eng/223827535805,전류,Digital,통신,Modbus-RTU(RS485),X,모든조건,가능,가능,불가,가능,불가,불가,,,,,,,,
I3M420-WRDBHZ,EOCR-i3M420 WR 24V Bottom,https://smartstore.naver.com/htengineering/products/11697281648,https://blog.naver.com/ht-eng/223827535805,전류,Digital,통신,Modbus-RTU(RS485)/4-20mA,X,모든조건,가능,가능,불가,불가,불가,불가,,,,,,,,
I3M420-WRDBWZ,EOCR-i3M420 WR 24V Window,https://smartstore.naver.com/htengineering/products/11697281648,https://blog.naver.com/ht-eng/223827535805,전류,Digital,통신,Modbus-RTU(RS485)/4-20mA,X,모든조건,가능,가능,불가,불가,불가,불가,,,,,,,,
I3M420-WRDUHZ,EOCR-i3M420 WR 100~240V Bottom,https://smartstore.naver.com/htengineering/products/11697281648,https://blog.naver.com/ht-eng/223827535805,전류,Digital,통신,Modbus-RTU(RS485)/4-20mA,X,모든조건,가능,가능,불가,불가,불가,불가,,,,,,,,
I3M420-WRDUTZ,EOCR-i3M420 WR 100~240V Termin,X,https://blog.naver.com/ht-eng/223827535805,전류,Digital,통신,Modbus-RTU(RS485)/4-20mA,X,모든조건,가능,가능,불가,불가,불가,불가,,,,,,,,
I3M420-WRDUWZ,EOCR-i3M420 WR 100~240V Window,https://smartstore.naver.com/htengineering/products/11697281648,https://blog.naver.com/ht-eng/223827535805,전류,Digital,통신,Modbus-RTU(RS485)/4-20mA,X,모든조건,가능,가능,불가,불가,불가,불가,,,,,,,,
I3MS-WRDBTZ,EOCR-i3MS WR 24V Terminal,X,https://blog.naver.com/ht-eng/223827535805,전류,Digital,통신,Modbus-RTU(RS485),X,모든조건,가능,가능,불가,불가,불가,불가,,,,,,,,
I3MZ-WRABHZ,EOCR-i3MZ WR A-A 24V Bottom,https://smartstore.naver.com/htengineering/products/11697263384,https://blog.naver.com/ht-eng/223827535805,전류,Digital,통신,Modbus-RTU(RS485),X,모든조건,가능,가능,가능,불가,불가,불가,,,,,,,,
I3MZ-WRABTZ,EOCR-i3MZ WR A-A 24V Terminal,X,https://blog.naver.com/ht-eng/223827535805,전류,Digital,통신,Modbus-RTU(RS485),X,모든조건,가능,가능,가능,불가,불가,불가,,,,,,,,
I3MZ-WRABWZ,EOCR-i3MZ WR A-A 24V Window,https://smartstore.naver.com/htengineering/products/11697263384,https://blog.naver.com/ht-eng/223827535805,전류,Digital,통신,Modbus-RTU(RS485),X,모든조건,가능,가능,가능,불가,불가,불가,,,,,,,,
I3MZ-WRAUHZ,EOCR-i3MZ WR A-A 100~240V Bott,https://smartstore.naver.com/htengineering/products/11697263384,https://blog.naver.com/ht-eng/223827535805,전류,Digital,통신,Modbus-RTU(RS485),X,모든조건,가능,가능,가능,불가,불가,불가,,,,,,,,
I3MZ-WRAUWZ,EOCR-i3MZ WR A-A 100~240V Wind,https://smartstore.naver.com/htengineering/products/11697263384,https://blog.naver.com/ht-eng/223827535805,전류,Digital,통신,Modbus-RTU(RS485),X,모든조건,가능,가능,가능,불가,불가,불가,,,,,,,,
I3MZ-WRCBHZ,EOCR-i3MZ WR 1A1B 24V Bottom,https://smartstore.naver.com/htengineering/products/11697263384,https://blog.naver.com/ht-eng/223827535805,전류,Digital,통신,Modbus-RTU(RS485),X,모든조건,가능,가능,가능,불가,불가,불가,,,,,,,,
I3MZ-WRCBTZ,EOCR-i3MZ WR 1A1B 24V Terminal,X,https://blog.naver.com/ht-eng/223827535805,전류,Digital,통신,Modbus-RTU(RS485),X,모든조건,가능,가능,가능,불가,불가,불가,,,,,,,,
I3MZ-WRCBWZ,EOCR-i3MZ WR 1A1B 24V Window,https://smartstore.naver.com/htengineering/products/11697263384,https://blog.naver.com/ht-eng/223827535805,전류,Digital,통신,Modbus-RTU(RS485),X,모든조건,가능,가능,가능,불가,불가,불가,,,,,,,,
I3MZ-WRCUHZ,EOCR-i3MZ WR 1A1B 100~240V Bot,https://smartstore.naver.com/htengineering/products/11697263384,https://blog.naver.com/ht-eng/223827535805,전류,Digital,통신,Modbus-RTU(RS485),X,모든조건,가능,가능,가능,불가,불가,불가,,,,,,,,
I3MZ-WRCUTZ,EOCR-i3MZ WR 1A1B 100~240V Ter,X,https://blog.naver.com/ht-eng/223827535805,전류,Digital,통신,Modbus-RTU(RS485),X,모든조건,가능,가능,가능,불가,불가,불가,,,,,,,,
I3MZ-WRCUWZ,EOCR-i3MZ WR 1A1B 100~240V Win,https://smartstore.naver.com/htengineering/products/11697263384,https://blog.naver.com/ht-eng/223827535805,전류,Digital,통신,Modbus-RTU(RS485),X,모든조건,가능,가능,가능,불가,불가,불가,,,,,,,,
I3MZ-WRDBTZ,EOCR-i3MZ WR B-A 24V Terminal,X,https://blog.naver.com/ht-eng/223827535805,전류,Digital,통신,Modbus-RTU(RS485),X,모든조건,가능,가능,가능,불가,불가,불가,,,,,,,,
IFBZ-WRABHZ,EOCR-IFBZ WR A-A 24V BOTTOM,https://smartstore.naver.com/htengineering/products/11697353165,https://blog.naver.com/ht-eng/223827535805,전류,Digital,통신,Modbus-RTU(RS485),O,모든조건,가능,가능,가능,불가,불가,불가,,,,,,,,
IFBZ-WRABTZ,EOCR-IFBZ WR A-A 24V BOTTOM,X,https://blog.naver.com/ht-eng/223827535805,전류,Digital,통신,Modbus-RTU(RS485),O,모든조건,가능,가능,가능,불가,불가,불가,,,,,,,,
IFBZ-WRAUHZ,EOCR-IFBZ WR A-A 100~240V,https://smartstore.naver.com/htengineering/products/11697353165,https://blog.naver.com/ht-eng/223827535805,전류,Digital,통신,Modbus-RTU(RS485),O,모든조건,가능,가능,가능,불가,불가,불가,,,,,,,,
IFBZ-WRAUTZ,EOCR-IFBZ WR A-A 100~240V,X,https://blog.naver.com/ht-eng/223827535805,전류,Digital,통신,Modbus-RTU(RS485),O,모든조건,가능,가능,가능,불가,불가,불가,,,,,,,,
IFBZ-WRCBTZ,EOCR-IFBZ WR 1A1B 24V TERMINAL,X,https://blog.naver.com/ht-eng/223827535805,전류,Digital,통신,Modbus-RTU(RS485),O,모든조건,가능,가능,가능,불가,불가,불가,,,,,,,,
IFBZ-WRCUHZ,EOCR-IFBZ WR 1A1B 100~240V,https://smartstore.naver.com/htengineering/products/11697353165,https://blog.naver.com/ht-eng/223827535805,전류,Digital,통신,Modbus-RTU(RS485),O,모든조건,가능,가능,가능,불가,불가,불가,,,,,,,,
IFDM-WRDBHZ,EOCR-iFDM WR 24V Bottom,https://smartstore.naver.com/htengineering/products/11697381406,https://blog.naver.com/ht-eng/223827535805,전류,Digital,통신,Modbus-RTU(RS485),X,모든조건,가능,가능,불가,불가,불가,불가,,,,,,,,
IFDM-WRDUHZ,EOCR-iFDM WR 100~240V Bottom,https://smartstore.naver.com/htengineering/products/11697381406,https://blog.naver.com/ht-eng/223827535805,전류,Digital,통신,Modbus-RTU(RS485),X,모든조건,가능,가능,불가,불가,불가,불가,,,,,,,,
IFDM-WRDUWZ,EOCR-iFDM WR 100~240V Window,https://smartstore.naver.com/htengineering/products/11697381406,https://blog.naver.com/ht-eng/223827535805,전류,Digital,통신,Modbus-RTU(RS485),X,모든조건,가능,가능,불가,불가,불가,불가,,,,,,,,
IFM420-WRDBHZ,EOCR-iFM420 WR 24V Bottom,https://smartstore.naver.com/htengineering/products/11697405484,https://blog.naver.com/ht-eng/223827535805,전류,Digital,통신,Modbus-RTU(RS485)/4-20mA,X,모든조건,가능,가능,불가,불가,불가,불가,,,,,,,,
IFM420-WRDBWZ,EOCR-iFM420 WR 24V Window,https://smartstore.naver.com/htengineering/products/11697405484,https://blog.naver.com/ht-eng/223827535805,전류,Digital,통신,Modbus-RTU(RS485)/4-20mA,X,모든조건,가능,가능,불가,불가,불가,불가,,,,,,,,
IFM420-WRDUHZ,EOCR-iFM420 WR 100~240V Bottom,https://smartstore.naver.com/htengineering/products/11697405484,https://blog.naver.com/ht-eng/223827535805,전류,Digital,통신,Modbus-RTU(RS485)/4-20mA,X,모든조건,가능,가능,불가,불가,불가,불가,,,,,,,,
IFM420-WRDUTZ,EOCR-iFM420 WR 100~240V Termin,X,https://blog.naver.com/ht-eng/223827535805,전류,Digital,통신,Modbus-RTU(RS485)/4-20mA,X,모든조건,가능,가능,불가,불가,불가,불가,,,,,,,,
IFM420-WRDUWZ,EOCR-iFM420 WR 100~240V Window,https://smartstore.naver.com/htengineering/products/11697405484,https://blog.naver.com/ht-eng/223827535805,전류,Digital,통신,Modbus-RTU(RS485)/4-20mA,X,모든조건,가능,가능,불가,불가,불가,불가,,,,,,,,
IFMS-WRDBTZ,EOCR-iFMS WR 24V Terminal,X,https://blog.naver.com/ht-eng/223827535805,전류,Digital,통신,Modbus-RTU(RS485),X,모든조건,가능,가능,불가,불가,불가,불가,,,,,,,,
IFMZ-WRABHZ,EOCR-iFMZ WR A-A 24V Bottom,https://smartstore.naver.com/htengineering/products/11697430854,https://blog.naver.com/ht-eng/223827535805,전류,Digital,통신,Modbus-RTU(RS485),X,모든조건,가능,가능,가능,불가,불가,불가,,,,,,,,
IFMZ-WRABTZ,EOCR-iFMZ WR A-A 24V Terminal,X,https://blog.naver.com/ht-eng/223827535805,전류,Digital,통신,Modbus-RTU(RS485),X,모든조건,가능,가능,가능,불가,불가,불가,,,,,,,,
IFMZ-WRABWZ,EOCR-iFMZ WR A-A 24V Window,https://smartstore.naver.com/htengineering/products/11697430854,https://blog.naver.com/ht-eng/223827535805,전류,Digital,통신,Modbus-RTU(RS485),X,모든조건,가능,가능,가능,불가,불가,불가,,,,,,,,
IFMZ-WRAUHZ,EOCR-iFMZ WR A-A 100~240V Bott,https://smartstore.naver.com/htengineering/products/11697430854,https://blog.naver.com/ht-eng/223827535805,전류,Digital,통신,Modbus-RTU(RS485),X,모든조건,가능,가능,가능,불가,불가,불가,,,,,,,,
IFMZ-WRAUWZ,EOCR-iFMZ WR A-A 100~240V Wind,https://smartstore.naver.com/htengineering/products/11697430854,https://blog.naver.com/ht-eng/223827535805,전류,Digital,통신,Modbus-RTU(RS485),X,모든조건,가능,가능,가능,불가,불가,불가,,,,,,,,
IFMZ-WRAUWZE,New EOCR-iFMZ WR A-A 100~240V Window,X,https://blog.naver.com/ht-eng/223827535805,전류,Digital,통신,Modbus-RTU(RS485),X,모든조건,가능,가능,가능,불가,불가,불가,,,,,,,,
IFMZ-WRCBTZ,EOCR-iFMZ WR 1A1B 24V Terminal,X,https://blog.naver.com/ht-eng/223827535805,전류,Digital,통신,Modbus-RTU(RS485),X,모든조건,가능,가능,가능,불가,불가,불가,,,,,,,,
IFMZ-WRCBWZ,EOCR-iFMZ WR 1A1B 24V Window,https://smartstore.naver.com/htengineering/products/11697430854,https://blog.naver.com/ht-eng/223827535805,전류,Digital,통신,Modbus-RTU(RS485),X,모든조건,가능,가능,가능,불가,불가,불가,,,,,,,,
IFMZ-WRCUHZ,EOCR-iFMZ WR 1A1B 100~240V Bot,https://smartstore.naver.com/htengineering/products/11697430854,https://blog.naver.com/ht-eng/223827535805,전류,Digital,통신,Modbus-RTU(RS485),X,모든조건,가능,가능,가능,불가,불가,불가,,,,,,,,
IFMZ-WRCUWZ,EOCR-iFMZ WR 1A1B 100~240V Win,https://smartstore.naver.com/htengineering/products/11697430854,https://blog.naver.com/ht-eng/223827535805,전류,Digital,통신,Modbus-RTU(RS485),X,모든조건,가능,가능,가능,불가,불가,불가,,,,,,,,
IFMZ-WRDBTZ,EOCR-iFMZ WR B-A 24V Terminal,X,https://blog.naver.com/ht-eng/223827535805,전류,Digital,통신,Modbus-RTU(RS485),X,모든조건,가능,가능,가능,불가,불가,불가,,,,,,,,
ISEM2-WRHUP,ISEM2 0.5~100A 100~240VAC/DC Premium,https://smartstore.naver.com/htengineering/products/11697490344,https://blog.naver.com/ht-eng/223827622819,모든조건,Digital,통신,Modbus-RTU(RS485)/TCP(Eternet)/4-20mA,O,모든조건,가능,가능,가능,가능,가능,가능,,,,,,,,
ISEM2-WRUHE,ISEM2 0.5~100A 100~240VAC/DC Ethernet,https://smartstore.naver.com/htengineering/products/11697490344,https://blog.naver.com/ht-eng/223827622819,모든조건,Digital,통신,TCP(Eternet)/4-20mA,O,모든조건,가능,가능,가능,가능,가능,가능,,,,,,,,
ISEM2-WRUHS,ISEM2 0.5~100A 100~240VAC/DC Serial,https://smartstore.naver.com/htengineering/products/11697490344,https://blog.naver.com/ht-eng/223827622819,모든조건,Digital,통신,Modbus-RTU(RS485)/4-20mA,O,모든조건,가능,가능,가능,가능,가능,가능,,,,,,,,
MMEB-WRBH,IEOCR-MMEB WR24VDC HOLE TYPE,https://smartstore.naver.com/htengineering/products/11697459584,https://blog.naver.com/ht-eng/223978428133,전류,Digital,통신,Modbus-RTU(RS485),O,모든조건,가능,가능,가능,불가,불가,불가,,,,,,,,
MMEB-WRUH,IEOCR-MMEB WR110/220VAC HOLE,https://smartstore.naver.com/htengineering/products/11697459584,https://blog.naver.com/ht-eng/223978428133,전류,Digital,통신,Modbus-RTU(RS485),O,모든조건,가능,가능,가능,불가,불가,불가,,,,,,,,
MMED-WRUH,IEOCR-MMED WR100/220VAC HOLE,https://smartstore.naver.com/htengineering/products/11697459584,https://blog.naver.com/ht-eng/223978428133,전류,Digital,통신,Modbus-RTU(RS485),X,모든조건,가능,가능,불가,불가,불가,불가,,,,,,,,
MMEZ-WRUH,IEOCR-MMEZ WR110/220VAC HOLE,https://smartstore.naver.com/htengineering/products/11697459584,https://blog.naver.com/ht-eng/223978428133,전류,Digital,통신,Modbus-RTU(RS485),X,모든조건,가능,가능,가능,불가,불가,불가,,,,,,,,
SDDR-DZ7,SDDR-D 100-240VAC 50/60Hz,https://smartstore.naver.com/htengineering/products/11672944935,https://blog.naver.com/ht-eng/223827628107,모든조건,Analog,비통신,불가,X,불가,불가,불가,불가,불가,불가,불가,,,,,,,,
TERMINAL-ISEM2,TERMINAL BLOCK FOR ISEM2,,X,모든조건,Accessory,모든조건,모든조건,모든조건,모든조건,모든조건,모든조건,모든조건,모든조건,모든조건,모든조건,,,,,,,,
TERMINAL-NEOCR,TERMINAL BLOCK FOR Neocr,https://smartstore.naver.com/htengineering/products/11692701917,X,모든조건,Accessory,모든조건,모든조건,모든조건,모든조건,모든조건,모든조건,모든조건,모든조건,모든조건,모든조건,,,,,,,,
ZCT-035-Z,ZCT 35 M/M,https://smartstore.naver.com/htengineering/products/11697559565,https://blog.naver.com/ht-eng/223827543274,모든조건,Accessory,모든조건,모든조건,모든조건,모든조건,모든조건,모든조건,모든조건,모든조건,모든조건,모든조건,,,,,,,,
ZCT-080-Z,ZCT 80 M/M,https://smartstore.naver.com/htengineering/products/11697559565,https://blog.naver.com/ht-eng/223827543274,모든조건,Accessory,모든조건,모든조건,모든조건,모든조건,모든조건,모든조건,모든조건,모든조건,모든조건,모든조건,,,,,,,,
ZCT-120-Z,ZCT 120 M/M,https://smartstore.naver.com/htengineering/products/11697559565,https://blog.naver.com/ht-eng/223827543274,모든조건,Accessory,모든조건,모든조건,모든조건,모든조건,모든조건,모든조건,모든조건,모든조건,모든조건,모든조건,,,,,,,,
,,,,,,,,,,,,,,,,,,,,,,,
,,,,,,,,,,,,,,,,,,,,,,,
,,,,,,,,,,,,,,,,,,,,,,,
,,,,,,,,,,,,,,,,,,,,,,,
,,,,,,,,,,,,,,,,,,,,,,,
,,,,,,,,,,,,,,,,,,,,,,,
,,,,,,,,,,,,,,,,,,,,,,,
,,,,,,,,,,,,,,,,,,,,,,,
,,,,,,,,,,,,,,,,,,,,,,,
,,,,,,,,,,,,,,,,,,,,,,,
,,,,,,,,,,,,,,,,,,,,,,,
,,,,,,,,,,,,,,,,,,,,,,,
,,,,,,,,,,,,,,,,,,,,,,,
,,,,,,,,,,,,,,,,,,,,,,,
,,,,,,,,,,,,,,,,,,,,,,,
,,,,,,,,,,,,,,,,,,,,,,,
,,,,,,,,,,,,,,,,,,,,,,,
,,,,,,,,,,,,,,,,,,,,,,,
,,,,,,,,,,,,,,,,,,,,,,,
,,,,,,,,,,,,,,,,,,,,,,,
,,,,,,,,,,,,,,,,,,,,,,,
,,,,,,,,,,,,,,,,,,,,,,,
,,,,,,,,,,,,,,,,,,,,,,,
,,,,,,,,,,,,,,,,,,,,,,,