제품,상세설명,AC or DC,제품군,보호종류,통신여부,통신종류,누설(지락),단락,과전류/저전류,결상,역상,과전압/저전압,전력,내장 ZCT,,,,,,,,
DCL-70RBM,DCL 70R 24 MAN,DC,Analog,전류,비통신,불가,불가,불가,과전류,불가,불가,불가,불가,,,,,,,,,
DCL-70RY7M,DCL 70R 110/220 MAN,DC,Analog,전류,비통신,불가,불가,불가,과전류,불가,불가,불가,불가,,,,,,,,,
DCL-70RY7R,DCL 70R 110/220 AUTO,DC,Analog,전류,비통신,불가,불가,불가,과전류,불가,불가,불가,불가,,,,,,,,,
DOCRD-HALLZ7,DOCR DIGITAL HALL-SENSOR,DC,Digital,전류,비통신,불가,불가,불가,과전류,불가,불가,불가,불가,,,,,,,,,
DOCRD-SHUNTB,DOCR DIGITAL 24 SHUNT,DC,Digital,전류,비통신,불가,불가,불가,과전류,불가,불가,불가,불가,,,,,,,,,
DOCRD-SHUNTZ7,DOCR DIGITAL SHUNT,DC,Digital,전류,비통신,불가,불가,불가,과전류,불가,불가,불가,불가,,,,,,,,,
DOCRD-SHUNTZ7X,DOCR DIGITAL SHUNT NONPOLAR,DC,Digital,전류,비통신,불가,불가,불가,과전류,불가,불가,불가,불가,,,,,,,,,
DUVR-110RY7R,DUVR 110R 110/220 AUTO,DC,Analog,전압,비통신,불가,불가,불가,불가,불가,불가,저전압,불가,,,,,,,,,
DUVR-220RY7M,DUVR 220R 110/220 MAN,DC,Analog,전압,비통신,불가,불가,불가,불가,불가,불가,저전압,불가,,,,,,,,,
DUVR-220RY7R,DUVR 220R 110/220 AUTO,DC,Analog,전압,비통신,불가,불가,불가,불가,불가,불가,저전압,불가,,,,,,,,,
DUVR-30RY7M,DUVR 30R 110/220 MAN,DC,Analog,전압,비통신,불가,불가,불가,불가,불가,불가,저전압,불가,,,,,,,,,
DUVR-30RY7R,DUVR 30R 110/220 AUTO,DC,Analog,전압,비통신,불가,불가,불가,불가,불가,불가,저전압,불가,,,,,,,,,
DVR-110Z7,DVR 110,DC,Analog,전압,비통신,불가,불가,불가,불가,불가,불가,모든조건,불가,,,,,,,,,
DVR-220Z7,DVR 220,DC,Analog,전압,비통신,불가,불가,불가,불가,불가,불가,모든조건,불가,,,,,,,,,
EOCRAR-05S,EOCRAR 05 24~240V Standard,AC,Analog,전류,비통신,불가,불가,불가,과전류,X,X,불가,불가,,,,,,,,,
EOCRAR-30S,EOCRAR 30 24~240V Standard,AC,Analog,전류,비통신,불가,불가,불가,과전류,X,X,불가,불가,,,,,,,,,
EOCRAR-60S,EOCRAR 60 24~240V Standard,AC,Analog,전류,비통신,불가,불가,불가,과전류,X,X,불가,불가,,,,,,,,,
EOCR-COVER5P,Control Terminal Cover(45 Pcs)_5P for SP,AC,Accessory,모든조건,모든조건,모든조건,모든조건,모든조건,모든조건,모든조건,모든조건,모든조건,불가,,,,,,,,,
EOCR-COVER6P,Control Terminal Cover(45 Pcs)_6P for SS,AC,Accessory,모든조건,모든조건,모든조건,모든조건,모든조건,모든조건,모든조건,모든조건,모든조건,모든조건,,,,,,,,,
EOCRDG-05RB,EOCR-DG 05 R 24,AC,Analog,전류,비통신,불가,가능,불가,과전류,모든조건,모든조건,불가,불가,,,,,,,,,
EOCRDG-05RM7,EOCR-DG 05 R 220(ONLY),AC,Analog,전류,비통신,불가,가능,불가,과전류,모든조건,모든조건,불가,불가,,,,,,,,,
EOCRDG-30NM7,EOCR-DG 30 N 220(ONLY),AC,Analog,전류,비통신,불가,가능,불가,과전류,모든조건,모든조건,불가,불가,,,,,,,,,
EOCRDG-30RM7,EOCR-DG 30 R 220(ONLY),AC,Analog,전류,비통신,불가,가능,불가,과전류,모든조건,모든조건,불가,불가,,,,,,,,,
EOCRDGT-05RM7,EOCR-DGT 05 R 220(ONLY),AC,Analog,전류,비통신,불가,가능,불가,과전류,모든조건,모든조건,불가,불가,,,,,,,,,
EOCRDGT-30RM7,EOCR-DGT 30 R 220(ONLY),AC,Analog,전류,비통신,불가,가능,불가,과전류,모든조건,모든조건,불가,불가,,,,,,,,,
EOCRDS1-05S,EOCR-DS1 05 24~240V Standard,AC,Analog,전류,비통신,불가,불가,불가,과전류,모든조건,모든조건,불가,불가,,,,,,,,,
EOCRDS1-30S,EOCR-DS1 30 24~240V Standard,AC,Analog,전류,비통신,불가,불가,불가,과전류,모든조건,모든조건,불가,불가,,,,,,,,,
EOCRDS3-05S,EOCR-DS3 05 24~240V Standard,AC,Analog,전류,비통신,불가,불가,불가,과전류,모든조건,모든조건,불가,불가,,,,,,,,,
EOCRDS3-30S,EOCR-DS3 30 24~240V Standard,AC,Analog,전류,비통신,불가,불가,불가,과전류,모든조건,모든조건,불가,불가,,,,,,,,,
EOCRDS3-60S,EOCR-DS3 60 24~240V Standard,AC,Analog,전류,비통신,불가,불가,불가,과전류,모든조건,모든조건,불가,불가,,,,,,,,,
EOCRDS3T-05S,EOCR-DS3T 05 24~240V Standard,AC,Analog,전류,비통신,불가,불가,불가,과전류,모든조건,모든조건,불가,불가,,,,,,,,,
EOCRDS3T-30S,EOCR-DS3T 30 24~240V Standard,AC,Analog,전류,비통신,불가,불가,불가,과전류,모든조건,모든조건,불가,불가,,,,,,,,,
EOCRDS3T-60S,EOCR-DS3T 60 24~240V Standard,AC,Analog,전류,비통신,불가,불가,불가,과전류,모든조건,모든조건,불가,불가,,,,,,,,,
EOCRDZ-05NF7,EOCR-DZ 05 N 110,AC,Analog,전류,비통신,불가,가능,불가,과전류,모든조건,모든조건,불가,불가,,,,,,,,,
EOCRDZ-05RF7,EOCR-DZ 05 R 110,AC,Analog,전류,비통신,불가,가능,불가,과전류,모든조건,모든조건,불가,불가,,,,,,,,,
EOCRDZ-05RM7,EOCR-DZ 05 R 220(ONLY),AC,Analog,전류,비통신,불가,가능,불가,과전류,모든조건,모든조건,불가,불가,,,,,,,,,
EOCRDZ-10RF7,EOCR-DZ 10 R 110,AC,Analog,전류,비통신,불가,가능,불가,과전류,모든조건,모든조건,불가,불가,,,,,,,,,
EOCRDZ-10RM7,EOCR-DZ 10 R 220(ONLY),AC,Analog,전류,비통신,불가,가능,불가,과전류,모든조건,모든조건,불가,불가,,,,,,,,,
EOCRDZ-60NM7,EOCR-DZ 60 N 220(ONLY),AC,Analog,전류,비통신,불가,가능,불가,과전류,모든조건,모든조건,불가,불가,,,,,,,,,
EOCRDZ-60RF7,EOCR-DZ 60 R 110(ONLY),AC,Analog,전류,비통신,불가,가능,불가,과전류,모든조건,모든조건,불가,불가,,,,,,,,,
EOCRDZ-60RM7,EOCR-DZ 60 R 220(ONLY),AC,Analog,전류,비통신,불가,가능,불가,과전류,모든조건,모든조건,불가,불가,,,,,,,,,
EOCRDZT-05RM7,EOCR-DZT 05 R 220,AC,Analog,전류,비통신,불가,가능,불가,과전류,모든조건,모든조건,불가,불가,,,,,,,,,
EOCRDZT-60RM7,EOCR-DZT 60 R 220,AC,Analog,전류,비통신,불가,가능,불가,과전류,모든조건,모든조건,불가,불가,,,,,,,,,
EOCRSE2-05NS,EOCR-SE2 05 N 24~240V Standard,AC,Analog,전류,비통신,불가,불가,불가,과전류,X,X,불가,불가,,,,,,,,,
EOCRSE2-05RS,EOCR-SE2 05 R 24~240V Standard,AC,Analog,전류,비통신,불가,불가,불가,과전류,X,X,불가,불가,,,,,,,,,
EOCRSE2-30NS,EOCR-SE2 30 N 24~240V Standard,AC,Analog,전류,비통신,불가,불가,불가,과전류,X,X,불가,불가,,,,,,,,,
EOCRSE2-30RS,EOCR-SE2 30 R 24~240V Standard,AC,Analog,전류,비통신,불가,불가,불가,과전류,X,X,불가,불가,,,,,,,,,
EOCRSE2-60NS,EOCR-SE2 60 N 24~240V Standard,AC,Analog,전류,비통신,불가,불가,불가,과전류,X,X,불가,불가,,,,,,,,,
EOCRSE2-60RS,EOCR-SE2 60 R 24~240V Standard,AC,Analog,전류,비통신,불가,불가,불가,과전류,X,X,불가,불가,,,,,,,,,
EOCRSP01NM,EOCR-SP 01 N 220 (w TVS),AC,Analog,전류,비통신,불가,불가,불가,과전류,X,X,불가,불가,,,,,,,,,
EOCRSP01RF,EOCR-SP 01 R 110 (w TVS),AC,Analog,전류,비통신,불가,불가,불가,과전류,X,X,불가,불가,,,,,,,,,
EOCRSP01RM,EOCR-SP 01 R 220 (w TVS),AC,Analog,전류,비통신,불가,불가,불가,과전류,X,X,불가,불가,,,,,,,,,
EOCRSP10NF,EOCR-SP 10 N 110 (w TVS),AC,Analog,전류,비통신,불가,불가,불가,과전류,X,X,불가,불가,,,,,,,,,
EOCRSP10NM,EOCR-SP 10 N 220 (w TVS),AC,Analog,전류,비통신,불가,불가,불가,과전류,X,X,불가,불가,,,,,,,,,
EOCRSP10NB,EOCR-SP 10 N 24 (w TVS),AC,Analog,전류,비통신,불가,불가,불가,과전류,X,X,불가,불가,,,,,,,,,
EOCRSP10RF,EOCR-SP 10 R 110 (w TVS),AC,Analog,전류,비통신,불가,불가,불가,과전류,X,X,불가,불가,,,,,,,,,
EOCRSP10RM,EOCR-SP 10 R 220 (w TVS),AC,Analog,전류,비통신,불가,불가,불가,과전류,X,X,불가,불가,,,,,,,,,
EOCRSP10RB,EOCR-SP 10 R 24 (w TVS),AC,Analog,전류,비통신,불가,불가,불가,과전류,X,X,불가,불가,,,,,,,,,
EOCRSP20NM,EOCR-SP 20 N 220 (w TVS),AC,Analog,전류,비통신,불가,불가,불가,과전류,X,X,불가,불가,,,,,,,,,
EOCRSP20RF,EOCR-SP 20 R 110 (w TVS),AC,Analog,전류,비통신,불가,불가,불가,과전류,X,X,불가,불가,,,,,,,,,
EOCRSP20RM,EOCR-SP 20 R 220 (w TVS),AC,Analog,전류,비통신,불가,불가,불가,과전류,X,X,불가,불가,,,,,,,,,
EOCRSP20RB,EOCR-SP 20 R 24 (w TVS),AC,Analog,전류,비통신,불가,불가,불가,과전류,X,X,불가,불가,,,,,,,,,
EOCRSP40NM,EOCR-SP 40 N 220 (w TVS),AC,Analog,전류,비통신,불가,불가,불가,과전류,X,X,불가,불가,,,,,,,,,
EOCRSP40RF,EOCR-SP 40 R 110 (w TVS),AC,Analog,전류,비통신,불가,불가,불가,과전류,X,X,불가,불가,,,,,,,,,
EOCRSP40RM,EOCR-SP 40 R 220 (w TVS),AC,Analog,전류,비통신,불가,불가,불가,과전류,X,X,불가,불가,,,,,,,,,
EOCRSP40RB,EOCR-SP 40 R 24 (w TVS),AC,Analog,전류,비통신,불가,불가,불가,과전류,X,X,불가,불가,,,,,,,,,
EOCRSS-05S,EOCR-SS 05 24~240V Standard,AC,Analog,전류,비통신,불가,불가,불가,과전류,X,X,불가,불가,,,,,,,,,
EOCRSS-05W,EOCR-SS 05 380~440V Wide,AC,Analog,전류,비통신,불가,불가,불가,과전류,X,X,불가,불가,,,,,,,,,
EOCRSS-05RU,EOCR-SS 05 24~240V Standard,AC,Analog,전류,비통신,불가,불가,불가,과전류,X,X,불가,불가,,,,,,,,,
EOCRSS-D1RU,EOCR-SS 100 2CT 1c 100~220V,AC,Analog,전류,비통신,불가,불가,불가,과전류,X,X,불가,불가,,,,,,,,,
EOCRSS-D1S,EOCR-SS 100 2CT 24~240V Standard,AC,Analog,전류,비통신,불가,불가,불가,과전류,X,X,불가,불가,,,,,,,,,
EOCRSS-DHRU,EOCR-SS 150 2CT 1c 100~220V,AC,Analog,전류,비통신,불가,불가,불가,과전류,X,X,불가,불가,,,,,,,,,
EOCRSS-DHS,EOCR-SS 150 2CT 24~240V Standard,AC,Analog,전류,비통신,불가,불가,불가,과전류,X,X,불가,불가,,,,,,,,,
EOCRSS-D2RU,EOCR-SS 200 2CT 1c 100~220V,AC,Analog,전류,비통신,불가,불가,불가,과전류,X,X,불가,불가,,,,,,,,,
EOCRSS-30S,EOCR-SS 30 24~240V Standard,AC,Analog,전류,비통신,불가,불가,불가,과전류,X,X,불가,불가,,,,,,,,,
EOCRSS-30W,EOCR-SS 30 380~440V Wide,AC,Analog,전류,비통신,불가,불가,불가,과전류,X,X,불가,불가,,,,,,,,,
EOCRSS-30RU,EOCR-SS 30 24~240V Standard,AC,Analog,전류,비통신,불가,불가,불가,과전류,X,X,불가,불가,,,,,,,,,
EOCRSS-60S,EOCR-SS 60 24~240V Standard,AC,Analog,전류,비통신,불가,불가,불가,과전류,X,X,불가,불가,,,,,,,,,
EOCRSS-60W,EOCR-SS 60 380~440V Wide,AC,Analog,전류,비통신,불가,불가,불가,과전류,X,X,불가,불가,,,,,,,,,
EOCRSS-60RU,EOCR-SS 60 24~240V Standard,AC,Analog,전류,비통신,불가,불가,불가,과전류,X,X,불가,불가,,,,,,,,,
EUCR-05S,EUCR 05 24~240V Standard,AC,Analog,전류,비통신,불가,불가,불가,저전류,불가,불가,불가,불가,,,,,,,,,
EUCR-05W,EUCR 05 380~440V Wide,AC,Analog,전류,비통신,불가,불가,불가,저전류,불가,불가,불가,불가,,,,,,,,,
EUCR-30S,EUCR 30 24~240V Standard,AC,Analog,전류,비통신,불가,불가,불가,저전류,불가,불가,불가,불가,,,,,,,,,
EUCR-30W,EUCR 30 380~440V Wide,AC,Analog,전류,비통신,불가,불가,불가,저전류,불가,불가,불가,불가,,,,,,,,,
EUCR-60S,EUCR 60 24~240V Standard,AC,Analog,전류,비통신,불가,불가,불가,저전류,불가,불가,불가,불가,,,,,,,,,
EVR-1P22,EVR-1P22,AC,Digital,전압,비통신,불가,불가,불가,불가,불가,불가,모든조건,불가,,,,,,,,,
EVR-3P44,EVR-3P44,AC,Digital,전압,비통신,불가,불가,불가,불가,모든조건,불가,모든조건,불가,,,,,,,,,
EVRPD-220NZ6SM,EVR-PD MODE 220 N 1P 60HZ,AC,Digital,전압,비통신,불가,불가,불가,불가,모든조건,불가,모든조건,불가,,,,,,,,,
EVRPD-44U,"EVRPD, Ue = 70…550 VAC, Us = 100…240 VAC",AC,Digital,전압,비통신,불가,불가,불가,불가,모든조건,불가,모든조건,불가,,,,,,,,,
SDDR-DZ7,SDDR-D 100-240VAC 50/60Hz,AC,Digital,전압,비통신,불가,모든조건,모든조건,모든조건,모든조건,모든조건,모든조건,불가,,,,,,,,,
3BZ2-WRABHZ,EOCR-3BZ2 WR A-A 24V BOTTOM,AC,Digital,전류,비통신,불가,가능,불가,가능,가능,가능,불가,불가,,,,,,,,,
3BZ2-WRAUHZ,EOCR-3BZ2 WR A-A 100~240V,AC,Digital,전류,비통신,불가,가능,불가,가능,가능,가능,불가,불가,,,,,,,,,
3BZ2-WRCBHZ,EOCR-3BZ2 1A1B 24V BOTTOM,AC,Digital,전류,비통신,불가,가능,불가,가능,가능,가능,불가,불가,,,,,,,,,
3BZ2-WRCBTZ,EOCR-3BZ2 WR 1A1B 24 TERMINAL,AC,Digital,전류,비통신,불가,가능,불가,가능,가능,가능,불가,불가,,,,,,,,,
3BZ2-WRCUHZ,EOCR-3BZ2 WR 1A1B 100~240V,AC,Digital,전류,비통신,불가,가능,불가,가능,가능,가능,불가,불가,,,,,,,,,
3BZ2-WRCUTZ,EOCR-3BZ2 WR 1A1B 100~240V,AC,Digital,전류,비통신,불가,가능,불가,가능,가능,가능,불가,불가,,,,,,,,,
3DM2-WRDBHZ,EOCR-3DM2 WR 24V Bottom,AC,Digital,전류,비통신,불가,불가,불가,모든조건,모든조건,모든조건,불가,불가,,,,,,,,,
3DM2-WRDBTZ,EOCR-3DM2 WR 24V Terminal,AC,Digital,전류,비통신,불가,불가,불가,모든조건,모든조건,모든조건,불가,불가,,,,,,,,,
3DM2-WRDBWZ,EOCR-3DM2 WR 24V Window,AC,Digital,전류,비통신,불가,불가,불가,모든조건,모든조건,모든조건,불가,불가,,,,,,,,,
3DM2-WRDUHZ,EOCR-3DM2 WR 100~240V Bottom,AC,Digital,전류,비통신,불가,불가,불가,모든조건,모든조건,모든조건,불가,불가,,,,,,,,,
3DM2-WRDUTZ,EOCR-3DM2 WR 100~240V Terminal,AC,Digital,전류,비통신,불가,불가,불가,모든조건,모든조건,모든조건,불가,불가,,,,,,,,,
3DM2-WRDUWZ,EOCR-3DM2 WR 100~240V Window,AC,Digital,전류,비통신,불가,불가,불가,모든조건,모든조건,모든조건,불가,불가,,,,,,,,,
3MSZ-WRAUWHYZ,EOCR-3MSZ HYNIX(3MZ2),AC,Digital,전류,비통신,불가,가능,모든조건,가능,가능,가능,불가,불가,,,,,,,,,
3MZ2-WRABHZ,EOCR-3MZ2 WR A-A 24V Bottom,AC,Digital,전류,비통신,불가,가능,불가,가능,가능,가능,불가,불가,,,,,,,,,
3MZ2-WRABTZ,EOCR-3MZ2 WR A-A 24V Terminal,AC,Digital,전류,비통신,불가,가능,불가,가능,가능,가능,불가,불가,,,,,,,,,
3MZ2-WRABWZ,EOCR-3MZ2 WR A-A 24V Window,AC,Digital,전류,비통신,불가,가능,불가,가능,가능,가능,불가,불가,,,,,,,,,
3MZ2-WRAUHZ,EOCR-3MZ2 WR A-A 100~240V Bott,AC,Digital,전류,비통신,불가,가능,불가,가능,가능,가능,불가,불가,,,,,,,,,
3MZ2-WRAUTZ,EOCR-3MZ2 WR A-A 100~240V Term,AC,Digital,전류,비통신,불가,가능,불가,가능,가능,가능,불가,불가,,,,,,,,,
3MZ2-WRAUWZ,EOCR-3MZ2 WR A-A 100~240V Wind,AC,Digital,전류,비통신,불가,가능,불가,가능,가능,가능,불가,불가,,,,,,,,,
3MZ2-WRCBHZ,EOCR-3MZ2 WR 1A1B 24V Bottom,AC,Digital,전류,비통신,불가,가능,불가,가능,가능,가능,불가,불가,,,,,,,,,
3MZ2-WRCBTZ,EOCR-3MZ2 WR 1A1B 24V Terminal,AC,Digital,전류,비통신,불가,가능,불가,가능,가능,가능,불가,불가,,,,,,,,,
3MZ2-WRCBWZ,EOCR-3MZ2 WR 1A1B 24V Window,AC,Digital,전류,비통신,불가,가능,불가,가능,가능,가능,불가,불가,,,,,,,,,
3MZ2-WRCUHZ,EOCR-3MZ2 WR 1A1B 100~240V Bot,AC,Digital,전류,비통신,불가,가능,불가,가능,가능,가능,불가,불가,,,,,,,,,
3MZ2-WRCUTZ,EOCR-3MZ2 WR 1A1B 100~240V Ter,AC,Digital,전류,비통신,불가,가능,불가,가능,가능,가능,불가,불가,,,,,,,,,
3MZ2-WRCUWZ,EOCR-3MZ2 WR 1A1B 100~240V Win,AC,Digital,전류,비통신,불가,가능,불가,가능,가능,가능,불가,불가,,,,,,,,,
3MZ2-WRDBHZ,EOCR-3MZ2 WR B-A 24V Bottom,AC,Digital,전류,비통신,불가,가능,불가,가능,가능,가능,불가,불가,,,,,,,,,
3MZ2-WRDBTZ,EOCR-3MZ2 WR B-A 24V Terminal,AC,Digital,전류,비통신,불가,가능,불가,가능,가능,가능,불가,불가,,,,,,,,,
3MZ2-WRDBWZ,EOCR-3MZ2 WR B-A 24V Window,AC,Digital,전류,비통신,불가,가능,불가,가능,가능,가능,불가,불가,,,,,,,,,
3MZ2-WRDUHZ,EOCR-3MZ2 WR B-A 100~240V Bott,AC,Digital,전류,비통신,불가,가능,불가,가능,가능,가능,불가,불가,,,,,,,,,
3MZ2-WRDUTZ,EOCR-3MZ2 WR B-A 100~240V Term,AC,Digital,전류,비통신,불가,가능,불가,가능,가능,가능,불가,불가,,,,,,,,,
3MZ2-WRDUWZ,EOCR-3MZ2 WR B-A 100~240V Wind,AC,Digital,전류,비통신,불가,가능,불가,가능,가능,가능,불가,불가,,,,,,,,,
EGR-10USVM,MODBUS-RTU 8Pin Flush mounted,AC,Digital,전류,비통신,불가,가능,불가,불가,불가,불가,불가,불가,,,,,,,,,
EGR-20UFCM,MODBUS-RTU 12Pin Flush mounted,AC,Digital,전류,비통신,불가,가능,불가,불가,불가,불가,불가,불가,,,,,,,,,
EGR-20USAM,"MODBUS-RTU 8Pin Socket, Current ZCT",AC,Digital,전류,비통신,불가,가능,불가,불가,불가,불가,불가,불가,,,,,,,,,
EOCR3DEV-05DUH,"3DE, 05A/100-240V,OL+AL,Hole",AC,Digital,전류,비통신,불가,불가,불가,모든조건,모든조건,모든조건,불가,불가,,,,,,,,,
EOCR3DEV-05DUT,"3DE, 05A/100-240V,OL+AL,TB",AC,Digital,전류,비통신,불가,불가,불가,모든조건,모든조건,모든조건,불가,불가,,,,,,,,,
EOCR3DEV-80DUH,"3DE, 80A/100-240V,OL+AL,Hole",AC,Digital,전류,비통신,불가,불가,불가,모든조건,모든조건,모든조건,불가,불가,,,,,,,,,
EOCR3DEV-80DUT,"3DE, 80A/100-240V,OL+AL,TB",AC,Digital,전류,비통신,불가,불가,불가,모든조건,모든조건,모든조건,불가,불가,,,,,,,,,
EOCR3E420-05DUH,EOCR-3E420 WR DC/AC 110~220,AC,Digital,전류,통신,4-20mA,불가,불가,모든조건,모든조건,모든조건,불가,불가,,,,,,,,,
EOCR3E420-05DUT,EOCR-3E420 WR DC/AC 110~220,AC,Digital,전류,통신,4-20mA,불가,불가,모든조건,모든조건,모든조건,불가,불가,,,,,,,,,
EOCR3E420-80DUH,EOCR-3E420 WR DC/AC 110~220,AC,Digital,전류,통신,4-20mA,불가,불가,모든조건,모든조건,모든조건,불가,불가,,,,,,,,,
EOCR3E420-80DUT,EOCR-3E420 WR DC/AC 110~220,AC,Digital,전류,통신,4-20mA,불가,불가,모든조건,모든조건,모든조건,불가,불가,,,,,,,,,
EOCR3EZ-05CUH,"3EZ, 05A/100-240V,OL/GR(E),Hole",AC,Digital,전류,비통신,불가,가능,불가,가능,가능,가능,불가,불가,,,,,,,,,
EOCR3EZ-05CUT,"3EZ, 05A/100-240V,OL/GR(E),TB",AC,Digital,전류,비통신,불가,가능,불가,가능,가능,가능,불가,불가,,,,,,,,,
EOCR3EZ-80CUH,"3EZ, 80A/100-240V,OL/GR(E),Hole",AC,Digital,전류,비통신,불가,가능,불가,가능,가능,가능,불가,불가,,,,,,,,,
EOCR3EZ-80CUT,"3EZ, 80A/100-240V,OL/GR(E),TB",AC,Digital,전류,비통신,불가,가능,불가,가능,가능,가능,불가,불가,,,,,,,,,
EOCR3EZ-05AUH,"3EZ, 05A/100-240V,OL+GR(E),Hole",AC,Digital,전류,비통신,불가,가능,불가,가능,가능,가능,불가,불가,,,,,,,,,
EOCR3EZ-05AUT,"3EZ, 05A/100-240V,OL+GR(E),TB",AC,Digital,전류,비통신,불가,가능,불가,가능,가능,가능,불가,불가,,,,,,,,,
EOCR3EZ-80AUH,"3EZ, 80A/100-240V,OL+GR(E),Hole",AC,Digital,전류,비통신,불가,가능,불가,가능,가능,가능,불가,불가,,,,,,,,,
EOCR3EZ-80AUT,"3EZ, 80A/100-240V,OL+GR(E),TB",AC,Digital,전류,비통신,불가,가능,불가,가능,가능,가능,불가,불가,,,,,,,,,
EOCRFDE-05DUH,"FDE, 05A/100-240V,OL+AL,Hole,PDM",AC,Digital,전류,비통신,불가,불가,불가,모든조건,모든조건,모든조건,불가,불가,,,,,,,,,
EOCRFDE-05DUT,"FDE, 05A/100-240V,OL+AL,TB,PDM",AC,Digital,전류,비통신,불가,불가,불가,모든조건,모든조건,모든조건,불가,불가,,,,,,,,,
EOCRFDE-80DUH,"FDE, 80A/100-240V,OL+AL,Hole,PDM",AC,Digital,전류,비통신,불가,불가,불가,모든조건,모든조건,모든조건,불가,불가,,,,,,,,,
EOCRFDE-80DUT,"FDE, 80A/100-240V,OL+AL,TB,PDM",AC,Digital,전류,비통신,불가,불가,불가,모든조건,모든조건,모든조건,불가,불가,,,,,,,,,
EOCRFE420-05DUH,"FE420, 05A/100-240V,OL+420,Hole,PDM",AC,Digital,전류,통신,4-20mA,불가,불가,모든조건,모든조건,모든조건,불가,불가,,,,,,,,,
EOCRFE420-05DUT,"FE420, 05A/100-240V,OL+420,TB,PDM",AC,Digital,전류,통신,4-20mA,불가,불가,모든조건,모든조건,모든조건,불가,불가,,,,,,,,,
EOCRFE420-80DUH,"FE420, 80A/100-240V,OL+420,Hole,PDM",AC,Digital,전류,통신,4-20mA,불가,불가,모든조건,모든조건,모든조건,불가,불가,,,,,,,,,
EOCRFE420-80DUT,"FE420, 80A/100-240V,OL+420,TB,PDM",AC,Digital,전류,통신,4-20mA,불가,불가,모든조건,모든조건,모든조건,불가,불가,,,,,,,,,
EOCRFEZ-05CUH,"FEZ, 05A/100-240V,OL/GR(E),Hole,PDM",AC,Digital,전류,비통신,불가,가능,불가,가능,가능,가능,불가,불가,,,,,,,,,
EOCRFEZ-05CUT,"FEZ, 05A/100-240V,OL/GR(E),TB,PDM",AC,Digital,전류,비통신,불가,가능,불가,가능,가능,가능,불가,불가,,,,,,,,,
EOCRFEZ-80CUH,"FEZ, 80A/100-240V,OL/GR(E),Hole,PDM",AC,Digital,전류,비통신,불가,가능,불가,가능,가능,가능,불가,불가,,,,,,,,,
EOCRFEZ-80CUT,"FEZ, 80A/100-240V,OL/GR(E),TB,PDM",AC,Digital,전류,비통신,불가,가능,불가,가능,가능,가능,불가,불가,,,,,,,,,
EOCRFEZ-05AUH,"FEZ_a, 05A/100-240V,OL+GR(E),Hole,PDM",AC,Digital,전류,비통신,불가,가능,불가,가능,가능,가능,불가,불가,,,,,,,,,
EOCRFEZ-05AUT,"FEZ_a, 05A/100-240V,OL+GR(E),TB,PDM",AC,Digital,전류,비통신,불가,가능,불가,가능,가능,가능,불가,불가,,,,,,,,,
EOCRFEZ-80AUH,"FEZ_a, 80A/100-240V,OL+GR(E),Hole,PDM",AC,Digital,전류,비통신,불가,가능,불가,가능,가능,가능,불가,불가,,,,,,,,,
EOCRFEZ-80AUT,"EZ_a, 80A/100-240V,OL+GR(E),TB,PDM",AC,Digital,전류,비통신,불가,가능,불가,가능,가능,가능,불가,불가,,,,,,,,,
EOCR-PDM,EOCR-PDM Display,AC,Accessory,모든조건,모든조건,모든조건,모든조건,모든조건,모든조건,모든조건,모든조건,모든조건,모든조건,,,,,,,,,
EOCR-PDMZ,EOCR-PDM Display,AC,Accessory,모든조건,모든조건,모든조건,모든조건,모든조건,모든조건,모든조건,모든조건,모든조건,모든조건,,,,,,,,,
EOCRPFZ-WRDUH,EOCR-PFZ 100~240 VAC/DC HOLE,AC,Digital,전류,통신,Modbus-RTU(RS485)/4-20mA,가능,가능,가능,가능,가능,불가,불가,O,,,,,,,,
EOCRPFZT-WRDUH,EOCR-PFZ 100~240 VAC/DC HOLE TMP,AC,Digital,전류,통신,Modbus-RTU(RS485)/4-20mA,가능,가능,가능,가능,가능,불가,불가,O,,,,,,,,
EOCRPFZ-WRDUT,EOCR-PFZ 100~240 VAC/DC TERMINAL,AC,Digital,전류,통신,Modbus-RTU(RS485)/4-20mA,가능,가능,가능,가능,가능,불가,불가,O,,,,,,,,
EOCRPMZ-WRDUT,EOCR-PMZ 100~240 VAC/DC TERMINAL,AC,Digital,전류,통신,Modbus-RTU(RS485)/4-20mA,가능,가능,가능,가능,가능,불가,불가,O,,,,,,,,
EOCRPMZ-WRDUH,EOCR-PMZ 100~240 VAC/DC HOLE,AC,Digital,전류,통신,Modbus-RTU(RS485)/4-20mA,가능,가능,가능,가능,가능,불가,불가,O,,,,,,,,
EOCRSSD-05S,EOCR-SSD 05 24~240 V AC/DC,AC,Digital,전류,비통신,불가,불가,불가,과전류,모든조건,불가,불가,불가,,,,,,,,,
EOCRSSD-05W,EOCR-SSD 05 380~440 V AC,AC,Digital,전류,비통신,불가,불가,불가,과전류,모든조건,불가,불가,불가,,,,,,,,,
EOCRSSD-30S,EOCR-SSD 30 24~240 V AC/DC,AC,Digital,전류,비통신,불가,불가,불가,과전류,모든조건,불가,불가,불가,,,,,,,,,
EOCRSSD-30W,EOCR-SSD 30 380~440 V AC,AC,Digital,전류,비통신,불가,불가,불가,과전류,모든조건,불가,불가,불가,,,,,,,,,
EOCRSSD-60S,EOCR-SSD 60 24~240 V AC/DC,AC,Digital,전류,비통신,불가,불가,불가,과전류,모든조건,불가,불가,불가,,,,,,,,,
EOCRSSD-60W,EOCR-SSD 60 380~440 V AC,AC,Digital,전류,비통신,불가,불가,불가,과전류,모든조건,불가,불가,불가,,,,,,,,,
FBZ2-WRCUHZ,EOCR-FBZ2 WR 1A1B 100~240V,AC,Digital,전류,비통신,불가,가능,불가,가능,가능,가능,불가,불가,,,,,,,,,
FBZ2-WRCUTZ,EOCR-FBZ2 WR 1A1B 100~240V,AC,Digital,전류,비통신,불가,가능,불가,가능,가능,가능,불가,불가,,,,,,,,,
FBZ2-WRCBHZ,EOCR-FBZ2 WR 1A1B 24V BOTTOM,AC,Digital,전류,비통신,불가,가능,불가,가능,가능,가능,불가,불가,,,,,,,,,
FBZ2-WRCBTZ,EOCR-FBZ2 WR 1A1B 24V TERMINAL,AC,Digital,전류,비통신,불가,가능,불가,가능,가능,가능,불가,불가,,,,,,,,,
FBZ2-WRAUHZ,EOCR-FBZ2 WR A-A 100~240V,AC,Digital,전류,비통신,불가,가능,불가,가능,가능,가능,불가,불가,,,,,,,,,
FBZ2-WRAUTZ,EOCR-FBZ2 WR A-A 100~240V,AC,Digital,전류,비통신,불가,가능,불가,가능,가능,가능,불가,불가,,,,,,,,,
FBZ2-WRABHZ,EOCR-FBZ2 WR A-A 24V BOTTOM,AC,Digital,전류,비통신,불가,가능,불가,가능,가능,가능,불가,불가,,,,,,,,,
FDM2-WRDUHZ,EOCR-FDM2 WR 100~240V Bottom,AC,Digital,전류,비통신,불가,불가,불가,모든조건,모든조건,모든조건,불가,불가,,,,,,,,,
FDM2-WRDUTZ,EOCR-FDM2 WR 100~240V Terminal,AC,Digital,전류,비통신,불가,불가,불가,모든조건,모든조건,모든조건,불가,불가,,,,,,,,,
FDM2-WRDUWZ,EOCR-FDM2 WR 100~240V Window,AC,Digital,전류,비통신,불가,불가,불가,모든조건,모든조건,모든조건,불가,불가,,,,,,,,,
FDM2-WRDBHZ,EOCR-FDM2 WR 24V Bottom,AC,Digital,전류,비통신,불가,불가,불가,모든조건,모든조건,모든조건,불가,불가,,,,,,,,,
FDM2-WRDBWZ,EOCR-FDM2 WR 24V Window,AC,Digital,전류,비통신,불가,불가,불가,모든조건,모든조건,모든조건,불가,불가,,,,,,,,,
FMSZ-WRAUWHYZ,EOCR-FMSZ HYNIX(FMZ2),AC,Digital,전류,비통신,불가,가능,가능,가능,가능,가능,불가,불가,,,,,,,,,
FMZ2-WRCUHZ,EOCR-FMZ2 WR 1A1B 100~240V Bot,AC,Digital,전류,비통신,불가,가능,불가,가능,가능,가능,불가,불가,,,,,,,,,
FMZ2-WRCUWZ,EOCR-FMZ2 WR 1A1B 100~240V Win,AC,Digital,전류,비통신,불가,가능,불가,가능,가능,가능,불가,불가,,,,,,,,,
FMZ2-WRCBTZ,EOCR-FMZ2 WR 1A1B 24V Terminal,AC,Digital,전류,비통신,불가,가능,불가,가능,가능,가능,불가,불가,,,,,,,,,
FMZ2-WRCBWZ,EOCR-FMZ2 WR 1A1B 24V Window,AC,Digital,전류,비통신,불가,가능,불가,가능,가능,가능,불가,불가,,,,,,,,,
FMZ2-WRAUHZ,EOCR-FMZ2 WR A-A 100~240V Bott,AC,Digital,전류,비통신,불가,가능,불가,가능,가능,가능,불가,불가,,,,,,,,,
FMZ2-WRAUTZ,EOCR-FMZ2 WR A-A 100~240V Term,AC,Digital,전류,비통신,불가,가능,불가,가능,가능,가능,불가,불가,,,,,,,,,
FMZ2-WRAUWZ,EOCR-FMZ2 WR A-A 100~240V Wind,AC,Digital,전류,비통신,불가,가능,불가,가능,가능,가능,불가,불가,,,,,,,,,
FMZ2-WRABHZ,EOCR-FMZ2 WR A-A 24V Bottom,AC,Digital,전류,비통신,불가,가능,불가,가능,가능,가능,불가,불가,,,,,,,,,
FMZ2-WRABWZ,EOCR-FMZ2 WR A-A 24V Window,AC,Digital,전류,비통신,불가,가능,불가,가능,가능,가능,불가,불가,,,,,,,,,
FMZ2-WRDUHZ,EOCR-FMZ2 WR B-A 100~240V Bott,AC,Digital,전류,비통신,불가,가능,불가,가능,가능,가능,불가,불가,,,,,,,,,
HALL-SENSOR-050,HALL-SENSOR 100,AC,Accessory,모든조건,모든조건,모든조건,모든조건,모든조건,모든조건,모든조건,모든조건,모든조건,모든조건,,,,,,,,,
I3BZ-WRCUHZ,EOCR-I3BZ WR 1A1B 100~240V,AC,Digital,전류,통신,Modbus-RTU(RS485),가능,불가,가능,가능,가능,불가,불가,O,,,,,,,,
I3BZ-WRCUTZ,EOCR-I3BZ WR 1A1B 100~240V,AC,Digital,전류,통신,Modbus-RTU(RS485),가능,불가,가능,가능,가능,불가,불가,O,,,,,,,,
I3BZ-WRCBHZ,EOCR-I3BZ WR 1A1B 24V BOTTOM,AC,Digital,전류,통신,Modbus-RTU(RS485),가능,불가,가능,가능,가능,불가,불가,O,,,,,,,,
I3BZ-WRCBTZ,EOCR-I3BZ WR 1A1B 24V TERMINAL,AC,Digital,전류,통신,Modbus-RTU(RS485),가능,불가,가능,가능,가능,불가,불가,O,,,,,,,,
I3BZ-WRAUHZ,EOCR-I3BZ WR A-A 100~240V,AC,Digital,전류,통신,Modbus-RTU(RS485),가능,불가,가능,가능,가능,불가,불가,O,,,,,,,,
I3BZ-WRABHZ,EOCR-I3BZ WR A-A 24V BOTTOM,AC,Digital,전류,통신,Modbus-RTU(RS485),가능,불가,가능,가능,가능,불가,불가,,,,,,,,,
I3DM-WRDUHZ,EOCR-i3DM WR 100~240V Bottom,AC,Digital,전류,통신,Modbus-RTU(RS485),불가,불가,모든조건,모든조건,모든조건,불가,불가,,,,,,,,,
I3DM-WRDUTZ,EOCR-i3DM WR 100~240V Terminal,AC,Digital,전류,통신,Modbus-RTU(RS485),불가,불가,모든조건,모든조건,모든조건,불가,불가,,,,,,,,,
I3DM-WRDUWZ,EOCR-i3DM WR 100~240V Window,AC,Digital,전류,통신,Modbus-RTU(RS485),불가,불가,모든조건,모든조건,모든조건,불가,불가,,,,,,,,,
I3DM-WRDBHZ,EOCR-i3DM WR 24V Bottom,AC,Digital,전류,통신,Modbus-RTU(RS485),불가,불가,모든조건,모든조건,모든조건,불가,불가,,,,,,,,,
I3DM-WRDBTZ,EOCR-i3DM WR 24V Terminal,AC,Digital,전류,통신,Modbus-RTU(RS485),불가,불가,모든조건,모든조건,모든조건,불가,불가,,,,,,,,,
I3DM-WRDBWZ,EOCR-i3DM WR 24V Window,AC,Digital,전류,통신,Modbus-RTU(RS485),불가,불가,모든조건,모든조건,모든조건,불가,불가,,,,,,,,,
I3M420-WRDUHZ,EOCR-i3M420 WR 100~240V Bottom,AC,Digital,전류,통신,Modbus-RTU(RS485)/4-20mA,불가,불가,모든조건,모든조건,모든조건,불가,불가,,,,,,,,,
I3M420-WRDUTZ,EOCR-i3M420 WR 100~240V Termin,AC,Digital,전류,통신,Modbus-RTU(RS485)/4-20mA,불가,불가,모든조건,모든조건,모든조건,불가,불가,,,,,,,,,
I3M420-WRDUWZ,EOCR-i3M420 WR 100~240V Window,AC,Digital,전류,통신,Modbus-RTU(RS485)/4-20mA,불가,불가,모든조건,모든조건,모든조건,불가,불가,,,,,,,,,
I3M420-WRDBHZ,EOCR-i3M420 WR 24V Bottom,AC,Digital,전류,통신,Modbus-RTU(RS485)/4-20mA,불가,불가,모든조건,모든조건,모든조건,불가,불가,,,,,,,,,
I3M420-WRDBWZ,EOCR-i3M420 WR 24V Window,AC,Digital,전류,통신,Modbus-RTU(RS485)/4-20mA,불가,불가,모든조건,모든조건,모든조건,불가,불가,,,,,,,,,
I3MS-WRDBTZ,EOCR-i3MS WR 24V Terminal,AC,Digital,전류,통신,Modbus-RTU(RS485),불가,불가,모든조건,모든조건,모든조건,불가,불가,,,,,,,,,
I3MZ-WRCUHZ,EOCR-i3MZ WR 1A1B 100~240V Bot,AC,Digital,전류,통신,Modbus-RTU(RS485),가능,불가,가능,가능,가능,불가,불가,,,,,,,,,
I3MZ-WRCUTZ,EOCR-i3MZ WR 1A1B 100~240V Ter,AC,Digital,전류,통신,Modbus-RTU(RS485),가능,불가,가능,가능,가능,불가,불가,,,,,,,,,
I3MZ-WRCUWZ,EOCR-i3MZ WR 1A1B 100~240V Win,AC,Digital,전류,통신,Modbus-RTU(RS485),가능,불가,가능,가능,가능,불가,불가,,,,,,,,,
I3MZ-WRCBHZ,EOCR-i3MZ WR 1A1B 24V Bottom,AC,Digital,전류,통신,Modbus-RTU(RS485),가능,불가,가능,가능,가능,불가,불가,,,,,,,,,
I3MZ-WRCBTZ,EOCR-i3MZ WR 1A1B 24V Terminal,AC,Digital,전류,통신,Modbus-RTU(RS485),가능,불가,가능,가능,가능,불가,불가,,,,,,,,,
I3MZ-WRCBWZ,EOCR-i3MZ WR 1A1B 24V Window,AC,Digital,전류,통신,Modbus-RTU(RS485),가능,불가,가능,가능,가능,불가,불가,,,,,,,,,
I3MZ-WRAUHZ,EOCR-i3MZ WR A-A 100~240V Bott,AC,Digital,전류,통신,Modbus-RTU(RS485),가능,불가,가능,가능,가능,불가,불가,,,,,,,,,
I3MZ-WRAUWZ,EOCR-i3MZ WR A-A 100~240V Wind,AC,Digital,전류,통신,Modbus-RTU(RS485),가능,불가,가능,가능,가능,불가,불가,,,,,,,,,
I3MZ-WRABHZ,EOCR-i3MZ WR A-A 24V Bottom,AC,Digital,전류,통신,Modbus-RTU(RS485),가능,불가,가능,가능,가능,불가,불가,,,,,,,,,
I3MZ-WRABTZ,EOCR-i3MZ WR A-A 24V Terminal,AC,Digital,전류,통신,Modbus-RTU(RS485),가능,불가,가능,가능,가능,불가,불가,,,,,,,,,
I3MZ-WRABWZ,EOCR-i3MZ WR A-A 24V Window,AC,Digital,전류,통신,Modbus-RTU(RS485),가능,불가,가능,가능,가능,불가,불가,,,,,,,,,
I3MZ-WRDBTZ,EOCR-i3MZ WR B-A 24V Terminal,AC,Digital,전류,통신,Modbus-RTU(RS485),가능,불가,가능,가능,가능,불가,불가,,,,,,,,,
IFBZ-WRCUHZ,EOCR-IFBZ WR 1A1B 100~240V,AC,Digital,전류,통신,Modbus-RTU(RS485),가능,불가,가능,가능,가능,불가,불가,,,,,,,,,
IFBZ-WRCBTZ,EOCR-IFBZ WR 1A1B 24V TERMINAL,AC,Digital,전류,통신,Modbus-RTU(RS485),가능,불가,가능,가능,가능,불가,불가,,,,,,,,,
IFBZ-WRAUHZ,EOCR-IFBZ WR A-A 100~240V,AC,Digital,전류,통신,Modbus-RTU(RS485),가능,불가,가능,가능,가능,불가,불가,,,,,,,,,
IFBZ-WRAUTZ,EOCR-IFBZ WR A-A 100~240V,AC,Digital,전류,통신,Modbus-RTU(RS485),가능,불가,가능,가능,가능,불가,불가,,,,,,,,,
IFBZ-WRABHZ,EOCR-IFBZ WR A-A 24V BOTTOM,AC,Digital,전류,통신,Modbus-RTU(RS485),가능,불가,가능,가능,가능,불가,불가,,,,,,,,,
IFBZ-WRABTZ,EOCR-IFBZ WR A-A 24V BOTTOM,AC,Digital,전류,통신,Modbus-RTU(RS485),가능,불가,가능,가능,가능,불가,불가,,,,,,,,,
IFDM-WRDUHZ,EOCR-iFDM WR 100~240V Bottom,AC,Digital,전류,통신,Modbus-RTU(RS485),가능,불가,가능,가능,가능,불가,불가,,,,,,,,,
IFDM-WRDUWZ,EOCR-iFDM WR 100~240V Window,AC,Digital,전류,통신,Modbus-RTU(RS485),가능,불가,가능,가능,가능,불가,불가,,,,,,,,,
IFDM-WRDBHZ,EOCR-iFDM WR 24V Bottom,AC,Digital,전류,통신,Modbus-RTU(RS485),가능,불가,가능,가능,가능,불가,불가,,,,,,,,,
IFM420-WRDUHZ,EOCR-iFM420 WR 100~240V Bottom,AC,Digital,전류,통신,Modbus-RTU(RS485)/4-20mA,가능,불가,가능,가능,가능,불가,불가,,,,,,,,,
IFM420-WRDUTZ,EOCR-iFM420 WR 100~240V Termin,AC,Digital,전류,통신,Modbus-RTU(RS485)/4-20mA,가능,불가,가능,가능,가능,불가,불가,,,,,,,,,
IFM420-WRDUWZ,EOCR-iFM420 WR 100~240V Window,AC,Digital,전류,통신,Modbus-RTU(RS485)/4-20mA,가능,불가,가능,가능,가능,불가,불가,,,,,,,,,
IFM420-WRDBHZ,EOCR-iFM420 WR 24V Bottom,AC,Digital,전류,통신,Modbus-RTU(RS485)/4-20mA,가능,불가,가능,가능,가능,불가,불가,,,,,,,,,
IFM420-WRDBWZ,EOCR-iFM420 WR 24V Window,AC,Digital,전류,통신,Modbus-RTU(RS485)/4-20mA,가능,불가,가능,가능,가능,불가,불가,,,,,,,,,
IFMS-WRDBTZ,EOCR-iFMS WR 24V Terminal,AC,Digital,전류,통신,Modbus-RTU(RS485),가능,불가,가능,가능,가능,불가,불가,,,,,,,,,
IFMZ-WRCUHZ,EOCR-iFMZ WR 1A1B 100~240V Bot,AC,Digital,전류,통신,Modbus-RTU(RS485),가능,불가,가능,가능,가능,불가,불가,,,,,,,,,
IFMZ-WRCUWZ,EOCR-iFMZ WR 1A1B 100~240V Win,AC,Digital,전류,통신,Modbus-RTU(RS485),가능,불가,가능,가능,가능,불가,불가,,,,,,,,,
IFMZ-WRCBTZ,EOCR-iFMZ WR 1A1B 24V Terminal,AC,Digital,전류,통신,Modbus-RTU(RS485),가능,불가,가능,가능,가능,불가,불가,,,,,,,,,
IFMZ-WRCBWZ,EOCR-iFMZ WR 1A1B 24V Window,AC,Digital,전류,통신,Modbus-RTU(RS485),가능,불가,가능,가능,가능,불가,불가,,,,,,,,,
IFMZ-WRAUHZ,EOCR-iFMZ WR A-A 100~240V Bott,AC,Digital,전류,통신,Modbus-RTU(RS485),가능,불가,가능,가능,가능,불가,불가,,,,,,,,,
IFMZ-WRAUWZ,EOCR-iFMZ WR A-A 100~240V Wind,AC,Digital,전류,통신,Modbus-RTU(RS485),가능,불가,가능,가능,가능,불가,불가,,,,,,,,,
IFMZ-WRABHZ,EOCR-iFMZ WR A-A 24V Bottom,AC,Digital,전류,통신,Modbus-RTU(RS485),가능,불가,가능,가능,가능,불가,불가,,,,,,,,,
IFMZ-WRABTZ,EOCR-iFMZ WR A-A 24V Terminal,AC,Digital,전류,통신,Modbus-RTU(RS485),가능,불가,가능,가능,가능,불가,불가,,,,,,,,,
IFMZ-WRABWZ,EOCR-iFMZ WR A-A 24V Window,AC,Digital,전류,통신,Modbus-RTU(RS485),가능,불가,가능,가능,가능,불가,불가,,,,,,,,,
IFMZ-WRDBTZ,EOCR-iFMZ WR B-A 24V Terminal,AC,Digital,전류,통신,Modbus-RTU(RS485),가능,불가,가능,가능,가능,불가,불가,,,,,,,,,
IFMZ-WRAUWZE,New EOCR-iFMZ WR A-A 100~240V Window,AC,Digital,전류,통신,Modbus-RTU(RS485),가능,불가,가능,가능,가능,불가,불가,,,,,,,,,
ISEMZ-WRUH,ISEMZ WR 100~240VAC HOLE,AC,Digital,모든조건,통신,Modbus-RTU(RS485),가능,가능,가능,가능,가능,가능,가능,O,,,,,,,,
MMEB-WRUH,IEOCR-MMEB WR110/220VAC HOLE,AC,Digital,전류,통신,Modbus-RTU(RS485),가능,불가,가능,가능,가능,불가,불가,O,,,,,,,,
MMEB-WRBH,IEOCR-MMEB WR24VDC HOLE TYPE,AC,Digital,전류,통신,Modbus-RTU(RS485),가능,불가,가능,가능,가능,불가,불가,O,,,,,,,,
MMED-WRUH,IEOCR-MMED WR100/220VAC HOLE,AC,Digital,전류,통신,Modbus-RTU(RS485),가능,불가,가능,가능,가능,불가,불가,,,,,,,,,
MMEZ-WRUH,IEOCR-MMEZ WR110/220VAC HOLE,AC,Digital,전류,통신,Modbus-RTU(RS485),가능,불가,가능,가능,가능,불가,불가,,,,,,,,,
ISEM2-WRUHE,ISEM2 0.5~100A 100~240VAC/DC Ethernet,AC,Digital,모든조건,모든조건,Modbus-RTU(RS485)/TCP(Eternet)/4-20mA,가능,가능,가능,가능,가능,가능,가능,O,,,,,,,,
ISEM2-WRHUP,ISEM2 0.5~100A 100~240VAC/DC Premium,AC,Digital,모든조건,모든조건,Modbus-RTU(RS485)/TCP(Eternet)/4-20mA,가능,가능,가능,가능,가능,가능,가능,O,,,,,,,,
ISEM2-WRUHS,ISEM2 0.5~100A 100~240VAC/DC Serial,AC,Digital,모든조건,통신,Modbus-RTU(RS485),가능,가능,가능,가능,가능,가능,가능,O,,,,,,,,
3CT-H1-100-Z,3CT 100/5 CIRCLE-HOLE,AC,Accessory,모든조건,모든조건,모든조건,모든조건,모든조건,모든조건,모든조건,모든조건,모든조건,모든조건,,,,,,,,,
3CT-H2-200-Z,3CT 200/5 CIRCLE-HOLE,AC,Accessory,모든조건,모든조건,모든조건,모든조건,모든조건,모든조건,모든조건,모든조건,모든조건,모든조건,,,,,,,,,
3CT-H3-300-Z,3CT 300/5 CIRCLE-HOLE,AC,Accessory,모든조건,모든조건,모든조건,모든조건,모든조건,모든조건,모든조건,모든조건,모든조건,모든조건,,,,,,,,,
3CT-H4-400-Z,3CT 400/5 CIRCLE-HOLE,AC,Accessory,모든조건,모든조건,모든조건,모든조건,모든조건,모든조건,모든조건,모든조건,모든조건,모든조건,,,,,,,,,
3CT-HH-150-Z,3CT 150/5 CIRCLE-HOLE,AC,Accessory,모든조건,모든조건,모든조건,모든조건,모든조건,모든조건,모든조건,모든조건,모든조건,모든조건,,,,,,,,,
CABLE-RJ45-001,CABLE-RJ45 1M,AC,Accessory,모든조건,모든조건,모든조건,모든조건,모든조건,모든조건,모든조건,모든조건,모든조건,모든조건,,,,,,,,,
CABLE-RJ45-002,CABLE-RJ45 2M,AC,Accessory,모든조건,모든조건,모든조건,모든조건,모든조건,모든조건,모든조건,모든조건,모든조건,모든조건,,,,,,,,,
CABLE-RJ45-003,CABLE-RJ45 3M,AC,Accessory,모든조건,모든조건,모든조건,모든조건,모든조건,모든조건,모든조건,모든조건,모든조건,모든조건,,,,,,,,,
CABLE-RJ45-004,CABLE-RJ45 4M,AC,Accessory,모든조건,모든조건,모든조건,모든조건,모든조건,모든조건,모든조건,모든조건,모든조건,모든조건,,,,,,,,,
CABLE-RJ45-005,CABLE-RJ45 5M,AC,Accessory,모든조건,모든조건,모든조건,모든조건,모든조건,모든조건,모든조건,모든조건,모든조건,모든조건,,,,,,,,,
CABLE-RJ45-007,CABLE-RJ45 7M,AC,Accessory,모든조건,모든조건,모든조건,모든조건,모든조건,모든조건,모든조건,모든조건,모든조건,모든조건,,,,,,,,,
CABLE-RJ45-00H,CABLE-RJ45 0.5M,AC,Accessory,모든조건,모든조건,모든조건,모든조건,모든조건,모든조건,모든조건,모든조건,모든조건,모든조건,,,,,,,,,
CABLE-RJ45-01H,CABLE-RJ45 1.5M,AC,Accessory,모든조건,모든조건,모든조건,모든조건,모든조건,모든조건,모든조건,모든조건,모든조건,모든조건,,,,,,,,,
CABLE-RJ45X-001,CABLE-RJ45 No-Clamp 1M,AC,Accessory,모든조건,모든조건,모든조건,모든조건,모든조건,모든조건,모든조건,모든조건,모든조건,모든조건,,,,,,,,,
CABLE-RJ45X-002,CABLE-RJ45 No-Clamp 2M,AC,Accessory,모든조건,모든조건,모든조건,모든조건,모든조건,모든조건,모든조건,모든조건,모든조건,모든조건,,,,,,,,,
CABLE-RJ45X-003,CABLE-RJ45 No-Clamp 3M,AC,Accessory,모든조건,모든조건,모든조건,모든조건,모든조건,모든조건,모든조건,모든조건,모든조건,모든조건,,,,,,,,,
CABLE-RJ45X-004,CABLE-RJ45 No-Clamp 4M,AC,Accessory,모든조건,모든조건,모든조건,모든조건,모든조건,모든조건,모든조건,모든조건,모든조건,모든조건,,,,,,,,,
CABLE-RJ45X-005,CABLE-RJ45 No-Clamp 5M,AC,Accessory,모든조건,모든조건,모든조건,모든조건,모든조건,모든조건,모든조건,모든조건,모든조건,모든조건,,,,,,,,,
CABLE-RJ45X-01H,CABLE-RJ45 No-Clamp 1.5M,AC,Accessory,모든조건,모든조건,모든조건,모든조건,모든조건,모든조건,모든조건,모든조건,모든조건,모든조건,,,,,,,,,
EOCR-SPDM,EOCR-PDM Display w temperature sensor,AC,Accessory,모든조건,모든조건,모든조건,모든조건,모든조건,모든조건,모든조건,모든조건,모든조건,모든조건,,,,,,,,,
EOCR-SPDMT,EOCR-PDM Display w temperature sensor,AC,Accessory,모든조건,모든조건,모든조건,모든조건,모든조건,모든조건,모든조건,모든조건,모든조건,모든조건,,,,,,,,,
TERMINAL-ISEM2,TERMINAL BLOCK FOR ISEM2,AC,Accessory,모든조건,모든조건,모든조건,모든조건,모든조건,모든조건,모든조건,모든조건,모든조건,모든조건,모든조건,,,,,,,,
TERMINAL-NEOCR,TERMINAL BLOCK FOR Neocr,AC,Accessory,모든조건,모든조건,모든조건,모든조건,모든조건,모든조건,모든조건,모든조건,모든조건,모든조건,,,,,,,,,
ZCT-035-Z,ZCT 35 M/M,AC,Accessory,모든조건,모든조건,모든조건,모든조건,모든조건,모든조건,모든조건,모든조건,모든조건,모든조건,,,,,,,,,
ZCT-080-Z,ZCT 80 M/M,AC,Accessory,모든조건,모든조건,모든조건,모든조건,모든조건,모든조건,모든조건,모든조건,모든조건,모든조건,,,,,,,,,
ZCT-120-Z,ZCT 120 M/M,AC,Accessory,모든조건,모든조건,모든조건,모든조건,모든조건,모든조건,모든조건,모든조건,모든조건,모든조건,,,,,,,,,
,,,,,,,,,,,,,,,,,,,,,,
,,,,,,,,,,,,,,,,,,,,,,
,,,,,,,,,,,,,,,,,,,,,,
,,,,,,,,,,,,,,,,,,,,,,
,,,,,,,,,,,,,,,,,,,,,,
,,,,,,,,,,,,,,,,,,,,,,
,,,,,,,,,,,,,,,,,,,,,,
,,,,,,,,,,,,,,,,,,,,,,
,,,,,,,,,,,,,,,,,,,,,,
,,,,,,,,,,,,,,,,,,,,,,
,,,,,,,,,,,,,,,,,,,,,,
,,,,,,,,,,,,,,,,,,,,,,
,,,,,,,,,,,,,,,,,,,,,,
,,,,,,,,,,,,,,,,,,,,,,
,,,,,,,,,,,,,,,,,,,,,,
,,,,,,,,,,,,,,,,,,,,,,
,,,,,,,,,,,,,,,,,,,,,,
,,,,,,,,,,,,,,,,,,,,,,
,,,,,,,,,,,,,,,,,,,,,,
,,,,,,,,,,,,,,,,,,,,,,
,,,,,,,,,,,,,,,,,,,,,,
,,,,,,,,,,,,,,,,,,,,,,
,,,,,,,,,,,,,,,,,,,,,,
,,,,,,,,,,,,,,,,,,,,,,